-- phpMyAdmin SQL Dump
-- version 4.7.7
-- https://www.phpmyadmin.net/
--
-- Host: localhost
-- Generation Time: May 08, 2018 at 09:10 AM
-- Server version: 10.1.30-MariaDB
-- PHP Version: 5.6.33

SET SQL_MODE = "NO_AUTO_VALUE_ON_ZERO";
SET AUTOCOMMIT = 0;
START TRANSACTION;
SET time_zone = "+00:00";


/*!40101 SET @OLD_CHARACTER_SET_CLIENT=@@CHARACTER_SET_CLIENT */;
/*!40101 SET @OLD_CHARACTER_SET_RESULTS=@@CHARACTER_SET_RESULTS */;
/*!40101 SET @OLD_COLLATION_CONNECTION=@@COLLATION_CONNECTION */;
/*!40101 SET NAMES utf8mb4 */;

--
-- Database: `chatbot`
--

-- --------------------------------------------------------

--
-- Table structure for table `answers`
--

CREATE TABLE `answers` (
  `id` int(11) NOT NULL,
  `answer` varchar(250) CHARACTER SET utf8 COLLATE utf8_vietnamese_ci NOT NULL,
  `intent_id` int(11) NOT NULL
) ENGINE=InnoDB DEFAULT CHARSET=latin1;

--
-- Dumping data for table `answers`
--

INSERT INTO `answers` (`id`, `answer`, `intent_id`) VALUES
(3, 'Xin chào! Tớ là smart chatbot! hân hạnh làm quen!', 1),
(4, 'Tạm biệt bạn nhé!', 2),
(5, 'Bạn hỏi điểm bán thuốc à! Ok để tớ tìm giúp bạn nhá!', 3),
(6, 'Bạn hỏi giá thuốc! Tớ search xem nhá!', 4),
(7, 'Không có gì đâu bạn nhé!', 5),
(8, 'Xin đừng chê em', 6);

-- --------------------------------------------------------

--
-- Table structure for table `chatbot`
--

CREATE TABLE `chatbot` (
  `botid` int(11) NOT NULL,
  `botname` varchar(20) NOT NULL,
  `description` varchar(100) NOT NULL,
  `userid` int(11) NOT NULL
) ENGINE=InnoDB DEFAULT CHARSET=latin1;

--
-- Dumping data for table `chatbot`
--

INSERT INTO `chatbot` (`botid`, `botname`, `description`, `userid`) VALUES
(5, 'thaiminh', 'thaiminh', 1);

-- --------------------------------------------------------

--
-- Table structure for table `chatbot_entities`
--

CREATE TABLE `chatbot_entities` (
  `botid` int(11) NOT NULL,
  `entityid` int(11) NOT NULL
) ENGINE=InnoDB DEFAULT CHARSET=latin1;

-- --------------------------------------------------------

--
-- Table structure for table `chatbot_intent`
--

CREATE TABLE `chatbot_intent` (
  `botid` int(11) NOT NULL,
  `intentid` int(11) NOT NULL
) ENGINE=InnoDB DEFAULT CHARSET=latin1;

-- --------------------------------------------------------

--
-- Table structure for table `entities`
--

CREATE TABLE `entities` (
  `id` int(11) NOT NULL,
  `entity` varchar(250) CHARACTER SET utf8 NOT NULL,
  `botid` int(11) NOT NULL
) ENGINE=InnoDB DEFAULT CHARSET=latin1;

--
-- Dumping data for table `entities`
--

INSERT INTO `entities` (`id`, `entity`, `botid`) VALUES
(6, 'commune', 5),
(9, 'district', 5),
(10, 'province', 5),
(11, 'product', 5),
(12, 'country', 5);

-- --------------------------------------------------------

--
-- Table structure for table `entity_samples`
--

CREATE TABLE `entity_samples` (
  `id` int(11) NOT NULL,
  `content` varchar(250) CHARACTER SET utf8 NOT NULL,
  `entity_id` int(11) NOT NULL
) ENGINE=InnoDB DEFAULT CHARSET=latin1;

--
-- Dumping data for table `entity_samples`
--

INSERT INTO `entity_samples` (`id`, `content`, `entity_id`) VALUES
(1, 'Hà Nội', 10),
(1626, 'Đại Ân  2', 6),
(1627, 'Vạn Thọ', 6),
(1628, 'Trà My', 6),
(1629, 'Bá Xuyên', 6),
(1630, 'Hoàng An', 6),
(1631, 'Diễn Kim', 6),
(1632, 'Động Quan', 6),
(1633, 'Định Bình', 6),
(1634, 'Mê Linh', 6),
(1635, 'Tân Vạn', 6),
(1636, 'Hoà Quang Nam', 6),
(1637, 'Bắc An', 6),
(1638, 'Long Đống', 6),
(1639, 'Pú Xi', 6),
(1640, 'Bích Động', 6),
(1641, 'An Thuỷ', 6),
(1642, 'Tương Mai', 6),
(1643, 'Nà Phòn', 6),
(1644, 'Sơn Bao', 6),
(1645, 'Cun Pheo', 6),
(1646, 'Tà Lèng', 6),
(1647, 'Xuân Trạch', 6),
(1648, 'Đại Bình', 6),
(1649, 'Kỳ Phương', 6),
(1650, 'Đức Vân', 6),
(1651, 'Cách Bi', 6),
(1652, 'Tân Lập 2', 6),
(1653, 'Tân Lập 1', 6),
(1654, 'Sơn Phú', 6),
(1655, 'Hồ Nam', 6),
(1656, 'Tịnh Hiệp', 6),
(1657, 'Tân Khánh', 6),
(1658, 'Cẩm Xá', 6),
(1659, 'Thuỵ Xuân', 6),
(1660, 'Kỳ Long', 6),
(1661, 'Bản Rịa', 6),
(1662, 'Bảo Hưng', 6),
(1663, 'Nghi Diên', 6),
(1664, 'Thượng Thanh', 6),
(1665, 'Đồng Thành', 6),
(1666, 'Lục Sơn', 6),
(1667, 'Thiệu Đô', 6),
(1668, 'Đức An', 6),
(1669, 'Bản Mù', 6),
(1670, 'Kim Thái', 6),
(1671, 'Yên Khánh', 6),
(1672, 'Cà Dy', 6),
(1673, 'Đông Quang', 6),
(1674, 'Chiềng Lao', 6),
(1675, 'Tam Phúc', 6),
(1676, 'Hồng Thuận', 6),
(1677, 'Diên Phước', 6),
(1678, 'Cam Lợi', 6),
(1679, 'Thanh Cường', 6),
(1680, 'Định Trung', 6),
(1681, 'Tân Cương', 6),
(1682, 'Sĩ Hai', 6),
(1683, 'Trung Giáp', 6),
(1684, 'Hà Khẩu', 6),
(1685, 'Yên Tập', 6),
(1686, 'Liêm Tiết', 6),
(1687, 'Khắc Niệm', 6),
(1688, 'Buôn Trấp', 6),
(1689, 'Đức Hoà Đông', 6),
(1690, 'Bình Lợi', 6),
(1691, 'Phú Hộ', 6),
(1692, 'Triệu Phước', 6),
(1693, 'Phú Hồ', 6),
(1694, 'Đồn Xá', 6),
(1695, 'Chí Tiên', 6),
(1696, 'Ia Ly', 6),
(1697, 'Phúc Thành B', 6),
(1698, 'Ia Le', 6),
(1699, 'Cao Sơn', 6),
(1700, 'Thanh Khê Đông', 6),
(1701, 'Mường Giôn', 6),
(1702, 'Ea M\' Doal', 6),
(1703, 'Hồng Hà', 6),
(1704, 'Thượng Tân', 6),
(1705, 'Nậm Khoà', 6),
(1706, 'Thiện Nghiệp', 6),
(1707, 'Hưng Nhân', 6),
(1708, 'Vi Hương', 6),
(1709, 'Mỹ Trung', 6),
(1710, 'Trường Xuân', 6),
(1711, 'Thanh Kim', 6),
(1712, 'Huổi Só', 6),
(1713, 'Lê Minh Xuân', 6),
(1714, 'Lưu Phương', 6),
(1715, 'An Tường', 6),
(1716, 'Đại Cường', 6),
(1717, 'Bình Khánh', 6),
(1718, 'Lệ Chi', 6),
(1719, 'Phú An Hoà', 6),
(1720, 'Phù Nham', 6),
(1721, 'Thạch Hà', 6),
(1722, 'Chư Mố', 6),
(1723, 'Đức Lĩnh', 6),
(1724, 'Na Ư', 6),
(1725, 'Bồ Xuyên', 6),
(1726, 'Hậu Thành', 6),
(1727, 'Nậm Khăn', 6),
(1728, 'Chũ', 6),
(1729, 'Đông Sang', 6),
(1730, 'Đắk Gằn', 6),
(1731, 'Minh Thành', 6),
(1732, 'Cam Hải Đông', 6),
(1733, 'Thuỵ Liên', 6),
(1734, 'Đông Phong', 6),
(1735, 'Nghĩa Trung', 6),
(1736, 'Nga Hưng', 6),
(1737, 'Phước Thới', 6),
(1738, 'Nhơn Khánh', 6),
(1739, 'Lâm Tân', 6),
(1740, 'Tân Vinh', 6),
(1741, 'Viên Thành', 6),
(1742, 'Trung Môn', 6),
(1743, 'Hồng Dụ', 6),
(1744, 'Phăng Sô Lin', 6),
(1745, 'Na Lay', 6),
(1746, 'Ba Thành', 6),
(1747, 'Cán Khê', 6),
(1748, 'Đức Thông', 6),
(1749, 'Hoa Động', 6),
(1750, 'Suối Cao', 6),
(1751, 'Gia Tân 1', 6),
(1752, 'Gia Tân 2', 6),
(1753, 'Gia Tân 3', 6),
(1754, 'Lạc Sỹ', 6),
(1755, 'An Lợi Đông', 6),
(1756, 'Tây Thành', 6),
(1757, 'Phước Minh', 6),
(1758, 'Vĩnh Công', 6),
(1759, 'Lộc Thành', 6),
(1760, 'Khánh Lộc', 6),
(1761, 'Đạ Tẻh', 6),
(1762, 'Hưng Phúc', 6),
(1763, 'Ka Đô', 6),
(1764, 'Hương Nha', 6),
(1765, 'Thái Thành', 6),
(1766, 'Long Nguyên', 6),
(1767, 'Phỏng Lập', 6),
(1768, 'Hồng Hoá', 6),
(1769, 'Dun', 6),
(1770, 'Giai Xuân', 6),
(1771, 'Văn Lãng', 6),
(1772, 'Xuân Lạc', 6),
(1773, 'Thiện Trung', 6),
(1774, 'Chư Gu', 6),
(1775, 'Cam Tuyền', 6),
(1776, 'Thanh Tường', 6),
(1777, 'Đôn Phục', 6),
(1778, 'Ngọc Liệp', 6),
(1779, 'Quang Khải', 6),
(1780, 'Tân Đông Hiệp', 6),
(1781, 'Tràng Đà', 6),
(1782, 'Mân Thái', 6),
(1783, 'Thạch Đài', 6),
(1784, 'Vạn Khánh', 6),
(1785, 'Đông Dương', 6),
(1786, 'Phước Hà', 6),
(1787, 'Văn Sơn', 6),
(1788, 'Thanh Mỹ', 6),
(1789, 'Khánh Thiện', 6),
(1790, 'Ngọc Long', 6),
(1791, 'Nam Khê', 6),
(1792, 'Đông Long', 6),
(1793, 'Đông Lễ', 6),
(1794, 'Tê Xăng', 6),
(1795, 'Bình Xuân', 6),
(1796, 'Yên Cư', 6),
(1797, 'Hải Hà', 6),
(1798, 'Vạn Thắng', 6),
(1799, 'Phú Lũng', 6),
(1800, 'Ya Ly', 6),
(1801, 'Đông Lỗ', 6),
(1802, 'Đồng Tuyển', 6),
(1803, 'Nt Thái Bình', 6),
(1804, 'Vinh Hà', 6),
(1805, 'Lộc Lâm', 6),
(1806, 'Cẩm Định', 6),
(1807, 'Tú Đoạn', 6),
(1808, 'Quyết Chiến', 6),
(1809, 'Bạch Hạc', 6),
(1810, 'Hưng Phú', 6),
(1811, 'Bình Giáo', 6),
(1812, 'Thuỷ Bằng', 6),
(1813, 'Trung Lộc', 6),
(1814, 'Minh Quán', 6),
(1815, 'Tam Hồng', 6),
(1816, 'Triệu An', 6),
(1817, 'Thanh Loà', 6),
(1818, 'Đào Dương', 6),
(1819, 'Đắk Nang', 6),
(1820, 'Thạch Đỉnh', 6),
(1821, 'Tiên Kiên', 6),
(1822, 'Quế Lưu', 6),
(1823, 'Viên An Đông', 6),
(1824, 'Tân Phú Trung', 6),
(1825, 'Hoằng Đạo', 6),
(1826, 'Mai Sao', 6),
(1827, 'Hoằng Đại', 6),
(1828, 'Duy Thành', 6),
(1829, 'Hoằng Đạt', 6),
(1830, 'Thạnh Đông A', 6),
(1831, 'Thạnh Đông B', 6),
(1832, 'Ân Tình', 6),
(1833, 'Dân Lực', 6),
(1834, 'Chiềng Khoang', 6),
(1835, 'Tiên Phương', 6),
(1836, 'Tạ Bú', 6),
(1837, 'Đồng Lộc', 6),
(1838, 'Chư Kbô', 6),
(1839, 'Eabia', 6),
(1840, 'Cự Khê', 6),
(1841, 'Yên Than', 6),
(1842, 'Phì Nhừ', 6),
(1843, 'Ea Ning', 6),
(1844, 'Đình Minh', 6),
(1845, 'Phương Mai', 6),
(1846, 'Trung Hạ', 6),
(1847, 'Lưu Sơn', 6),
(1848, 'Vũ Quí', 6),
(1849, 'Tân Quang', 6),
(1850, 'Đồng Ruộng', 6),
(1851, 'Bạch Mai', 6),
(1852, 'Nhơn Hoà', 6),
(1853, 'Yên Nghiệp', 6),
(1854, 'Phúc An', 6),
(1855, 'Đoan Hạ', 6),
(1856, 'Tú Sơn', 6),
(1857, 'Dương Tơ', 6),
(1858, 'Bản Lầu', 6),
(1859, 'Tiền Tiến', 6),
(1860, 'Tây Bình', 6),
(1861, 'Bản Lầm', 6),
(1862, 'Long Điền Đông A', 6),
(1863, 'Lương Hoà', 6),
(1864, 'Chiềng Khương', 6),
(1865, 'Thanh Giang', 6),
(1866, 'Yên Thọ', 6),
(1867, 'Hà Lương', 6),
(1868, 'Hoà Định', 6),
(1869, 'Yên Thổ', 6),
(1870, 'Thới Quản', 6),
(1871, 'Bàn Giản', 6),
(1872, 'Hưng Lễ', 6),
(1873, 'Đạ Pal', 6),
(1874, 'Sơn Châu', 6),
(1875, 'Chiềng Cơi', 6),
(1876, 'Cổ Tiết', 6),
(1877, 'An Đôn', 6),
(1878, 'Nhựt Ninh', 6),
(1879, 'Nuông Dăm', 6),
(1880, 'Vĩnh Phước A', 6),
(1881, 'Trung Giang', 6),
(1882, 'Pom Hán', 6),
(1883, 'Bình Dương', 6),
(1884, 'Điềm Hy', 6),
(1885, 'Trần Quang Khải', 6),
(1886, 'Bình Hoà Tây', 6),
(1887, 'Duy Phú', 6),
(1888, 'An Bình Tây', 6),
(1889, 'Bình Lương', 6),
(1890, 'Khương Đình', 6),
(1891, 'Yên Thế', 6),
(1892, 'Cổ Dũng', 6),
(1893, 'Phú Định', 6),
(1894, 'Hoà Thuận', 6),
(1895, 'Thạnh Quới', 6),
(1896, 'Yên Tĩnh', 6),
(1897, 'Hưng Chiến', 6),
(1898, 'Hướng Lộc', 6),
(1899, 'Thọ Nguyên', 6),
(1900, 'Đông Thuận', 6),
(1901, 'Thu Cúc', 6),
(1902, 'Tịnh Hoà', 6),
(1903, 'Đập Đá', 6),
(1904, 'Chư Drăng', 6),
(1905, 'Hồng Long', 6),
(1906, 'Cẩm Lĩnh', 6),
(1907, 'Xuân Cảnh', 6),
(1908, 'Linh Hải', 6),
(1909, 'Tri Tôn', 6),
(1910, 'Hậu Bổng', 6),
(1911, 'Thanh Trạch', 6),
(1912, 'K\' Dang', 6),
(1913, 'Xuân Phú', 6),
(1914, 'Mai Dịch', 6),
(1915, 'Vĩnh Hanh', 6),
(1916, 'Long Đức', 6),
(1917, 'Vân Nội', 6),
(1918, 'Thạnh An', 6),
(1919, 'Ealy', 6),
(1920, 'Hương Nhượng', 6),
(1921, 'Đại Hoà', 6),
(1922, 'Ia Ake', 6),
(1923, 'Má Lé', 6),
(1924, 'Dương Quang', 6),
(1925, 'Mường Chùm', 6),
(1926, 'Tử Du', 6),
(1927, 'Đồng Vương', 6),
(1928, 'Hưng Thành', 6),
(1929, 'Đá Đỏ', 6),
(1930, 'Yên Thuận', 6),
(1931, 'Hải Phong', 6),
(1932, 'Hoàng Tiến', 6),
(1933, 'Tịnh Châu', 6),
(1934, 'An Thạnh Đông', 6),
(1935, 'Bình Hưng', 6),
(1936, 'Quỳnh Trang', 6),
(1937, 'Lạc Tấn', 6),
(1938, 'Hương Hữu', 6),
(1939, 'Khánh Hiệp', 6),
(1940, 'Vân Phúc', 6),
(1941, 'Nậm Păm', 6),
(1942, 'Ân Phong', 6),
(1943, 'Quỳnh Dị', 6),
(1944, 'Mường Hoong', 6),
(1945, 'Tịnh Trà', 6),
(1946, 'Đinh Trang Thượng', 6),
(1947, 'Thanh', 6),
(1948, 'Bản Già', 6),
(1949, 'An Sinh', 6),
(1950, 'Lả Nhì Thàng', 6),
(1951, 'Hoàng Nông', 6),
(1952, 'Hoằng Phong', 6),
(1953, 'Chợ Vàm', 6),
(1954, 'Năm Căn', 6),
(1955, 'Vĩnh Quang', 6),
(1956, 'Thu Thuỷ', 6),
(1957, 'Hoàng Thắng', 6),
(1958, 'Phước Nam', 6),
(1959, 'Thuỷ Biều', 6),
(1960, 'Minh Phát', 6),
(1961, 'Vị Tân', 6),
(1962, 'Lý Thái Tổ', 6),
(1963, 'Diễn Yên', 6),
(1964, 'Hội Thương', 6),
(1965, 'Phương Xá', 6),
(1966, 'An Tràng', 6),
(1967, 'Nhân Bình', 6),
(1968, 'An Bình', 6),
(1969, 'Cẩm Trung', 6),
(1970, 'Đại Phước', 6),
(1971, 'Các Sơn', 6),
(1972, 'Đức Nghĩa', 6),
(1973, 'Lĩnh Nam', 6),
(1974, 'Thuận Yên', 6),
(1975, 'Hoà Quý', 6),
(1976, 'Phương Hải', 6),
(1977, 'Noong Luống', 6),
(1978, 'Giàng Chu Phìn', 6),
(1979, 'Liên Trung', 6),
(1980, 'Đồng Yên', 6),
(1981, 'Thạch Quý', 6),
(1982, 'Vũ Phúc', 6),
(1983, 'Diễn Đồng', 6),
(1984, 'Phương Linh', 6),
(1985, 'Lương Phong', 6),
(1986, 'Nghi Thịnh', 6),
(1987, 'Thuỵ Quỳnh', 6),
(1988, 'Đồng Lương', 6),
(1989, 'Tri Lễ', 6),
(1990, 'Đồng Sơn', 6),
(1991, 'Trung Tiến', 6),
(1992, 'Thiện Long', 6),
(1993, 'Hiếu Nghĩa', 6),
(1994, 'Nghinh Tường', 6),
(1995, 'Thành Minh', 6),
(1996, 'Đức Tài', 6),
(1997, 'Đô Vinh', 6),
(1998, 'Đăk Krong', 6),
(1999, 'Kim Lộc', 6),
(2000, 'Giang Sơn', 6),
(2001, 'Thọ Xương', 6),
(2002, 'Dữu Lâu', 6),
(2003, 'Mông Dương', 6),
(2004, 'Phú Yên', 6),
(2005, 'Quảng Thịnh', 6),
(2006, 'Tân Thiện', 6),
(2007, 'Hảo Đước', 6),
(2008, 'Tân Trịnh', 6),
(2009, 'Ea Păl', 6),
(2010, 'Phù Liễn', 6),
(2011, 'Hố Nai', 6),
(2012, 'Minh Phượng', 6),
(2013, 'Ia Bă', 6),
(2014, 'Mường Sai', 6),
(2015, 'Tả Giàng Phình', 6),
(2016, 'Hữu Đô', 6),
(2017, 'Việt Khái', 6),
(2018, 'Sa Thầy', 6),
(2019, 'Hải Bình', 6),
(2020, 'Châu Lý', 6),
(2021, 'Vũ Đoài', 6),
(2022, 'Sài Đồng', 6),
(2023, 'Long Điền', 6),
(2024, 'A Roằng', 6),
(2025, 'Thuỵ Ninh', 6),
(2026, 'Như Thuỵ', 6),
(2027, 'Bộc Bố', 6),
(2028, 'Vạn Phúc', 6),
(2029, 'Trung Sơn Trầm', 6),
(2030, 'Lóng Sập', 6),
(2031, 'Bắc Xa', 6),
(2032, 'Phủ Hà', 6),
(2033, 'Hưng Thái', 6),
(2034, 'Giao Thiện', 6),
(2035, 'Thàng Tín', 6),
(2036, 'Phương Trà', 6),
(2037, 'Phượng Nghi', 6),
(2038, 'Phú Ngãi Trị', 6),
(2039, 'Thành Đông', 6),
(2040, 'Chuyên Mỹ', 6),
(2041, 'Bằng Khánh', 6),
(2042, 'Khương Thượng', 6),
(2043, 'Quế Nham', 6),
(2044, 'Thung Khe', 6),
(2045, 'Hoà Trị', 6),
(2046, 'Thiệu Nguyên', 6),
(2047, 'Xuân Thanh', 6),
(2048, 'Tây Thuận', 6),
(2049, 'Cái Vồn', 6),
(2050, 'Vụ Quang', 6),
(2051, 'Cây Trường 2', 6),
(2052, 'Long Bình', 6),
(2053, 'Đắk Hà', 6),
(2054, 'Phước Nguyên', 6),
(2055, 'Đồng Nai', 6),
(2056, 'Định Hải', 6),
(2057, 'Hội Hoan', 6),
(2058, 'Đôn Nhân', 6),
(2059, 'Song Bình', 6),
(2060, 'Chiên Sơn', 6),
(2061, 'Hải Yên', 6),
(2062, 'Phúc Hoà', 6),
(2063, 'Yên Nhuận', 6),
(2064, 'Càng Long', 6),
(2065, 'Ia Glai', 6),
(2066, 'Bình Chiểu', 6),
(2067, 'Phú Mậu', 6),
(2068, 'Ia Krai', 6),
(2069, 'Nguyên Khê', 6),
(2070, 'Mai Long', 6),
(2071, 'Thọ Bình', 6),
(2072, 'Trà Giang', 6),
(2073, 'Đống Đa', 6),
(2074, 'Me', 6),
(2075, 'Nga Nhân', 6),
(2076, 'Suối Thầu', 6),
(2077, 'Mường Thải', 6),
(2078, 'Quyết Tâm', 6),
(2079, 'Gia Phong', 6),
(2080, 'Lâm Trạch', 6),
(2081, 'Kông Yang', 6),
(2082, 'Hoằng Giang', 6),
(2083, 'Đáp Cầu', 6),
(2084, 'Ngan Dừa', 6),
(2085, 'Đắk Xú', 6),
(2086, 'Trung Thượng', 6),
(2087, 'Phúc Sen', 6),
(2088, 'Phong Cốc', 6),
(2089, 'Cao Ngọc', 6),
(2090, 'Thượng Lan', 6),
(2091, 'Cổ Loa', 6),
(2092, 'Cuối Hạ', 6),
(2093, 'Thanh Nghị', 6),
(2094, 'Đức Liễu', 6),
(2095, 'Cát Lái', 6),
(2096, 'Thạch Thán', 6),
(2097, 'Trà An', 6),
(2098, 'Nhơn An', 6),
(2099, 'Đại Thắng', 6),
(2100, 'Thọ Phú', 6),
(2101, 'Đạ Oai', 6),
(2102, 'Hành Thịnh', 6),
(2103, 'Hoà Tịnh', 6),
(2104, 'Vĩnh Xuân', 6),
(2105, 'Lê Hồng', 6),
(2106, 'Quới Thiện', 6),
(2107, 'Nguyễn Phích', 6),
(2108, 'Lam Sơn', 6),
(2109, 'Vạn Hương', 6),
(2110, 'Sơn Liên', 6),
(2111, 'Tiên Cường', 6),
(2112, 'Trà Mai', 6),
(2113, 'Thuỷ Liễu', 6),
(2114, 'Mỹ Trinh', 6),
(2115, 'Phúc Thành A', 6),
(2116, 'Châu Thắng', 6),
(2117, 'Tà Nung', 6),
(2118, 'Ba Liên', 6),
(2119, 'Thống Kênh', 6),
(2120, 'Đông Hoà', 6),
(2121, 'An Hưng', 6),
(2122, 'Ea Kuêh', 6),
(2123, 'Thọ An', 6),
(2124, 'Ea H\'Leo', 6),
(2125, 'Quế Phú', 6),
(2126, 'Xuân Thới Sơn', 6),
(2127, 'Quảng An', 6),
(2128, 'Hàng Bài', 6),
(2129, 'Thành Tô', 6),
(2130, 'Thịnh Long', 6),
(2131, 'Đắk Tăng', 6),
(2132, 'Xuân Áng', 6),
(2133, 'Quý Sơn', 6),
(2134, 'Lình Huỳnh', 6),
(2135, 'Đắk Búk So', 6),
(2136, 'Hải Hưng', 6),
(2137, 'Đồng Phú', 6),
(2138, 'Si Pa Phìn', 6),
(2139, 'Sơn Hoà', 6),
(2140, 'Sơn Hoá', 6),
(2141, 'Hội Phú', 6),
(2142, 'Chu Minh', 6),
(2143, 'Nậm Khắt', 6),
(2144, 'Phú Gia', 6),
(2145, 'Tân Hào', 6),
(2146, 'Ia Tơi', 6),
(2147, 'Phúc Thuận', 6),
(2148, 'Cát Hiệp', 6),
(2149, 'Hạ Lễ', 6),
(2150, 'Tân Hiệp', 6),
(2151, 'Lịch Hội Thượng', 6),
(2152, 'Thuỵ Bình', 6),
(2153, 'Thăng Hưng', 6),
(2154, 'Vạn Hoà', 6),
(2155, 'Hiệp Tùng', 6),
(2156, 'Trừ Văn Thố', 6),
(2157, 'Tiên Châu', 6),
(2158, 'Yên Kỳ', 6),
(2159, 'Nậm Mười', 6),
(2160, 'Nà Ơt', 6),
(2161, 'Văn Thành', 6),
(2162, 'Việt Ngọc', 6),
(2163, 'Cát Văn', 6),
(2164, 'Ea Sol', 6),
(2165, 'An Nhơn', 6),
(2166, 'Nậm Mạ', 6),
(2167, 'Nậm Mả', 6),
(2168, 'Tượng Lĩnh', 6),
(2169, 'Suối Nánh', 6),
(2170, 'Ia Púch', 6),
(2171, 'Gào', 6),
(2172, 'Đông Hồ', 6),
(2173, 'Hùng Mỹ', 6),
(2174, 'Cửa Cạn', 6),
(2175, 'Hàng Buồm', 6),
(2176, 'Thới Tân', 6),
(2177, 'Nam Cao', 6),
(2178, 'Hội Xuân', 6),
(2179, 'Hồng Lý', 6),
(2180, 'Xuân Phổ', 6),
(2181, 'Him Lam', 6),
(2182, 'Cảnh Thuỵ', 6),
(2183, 'Việt Thống', 6),
(2184, 'Đắk N\'Drót', 6),
(2185, 'Hữu Lễ', 6),
(2186, 'Bình Phong Thạnh', 6),
(2187, 'Tân Hoà Thành', 6),
(2188, 'Diên Toàn', 6),
(2189, 'Diễn Trung', 6),
(2190, 'Thanh Phú', 6),
(2191, 'Đa Kai', 6),
(2192, 'Tén Tằn', 6),
(2193, 'Đa Kao', 6),
(2194, 'Thượng Thôn', 6),
(2195, 'Chí Tân', 6),
(2196, 'Thanh Lộc', 6),
(2197, 'Quảng Vinh', 6),
(2198, 'Bảo Hiệu', 6),
(2199, 'Vũ Sơn', 6),
(2200, 'Trung Hưng', 6),
(2201, 'Nhân Quyền', 6),
(2202, 'Thuỵ Lâm', 6),
(2203, 'Phong Nẫm', 6),
(2204, 'Thượng Lý', 6),
(2205, 'Thịnh Hưng', 6),
(2206, 'Bạch Hà', 6),
(2207, 'Nghĩa Hà', 6),
(2208, 'Cao Viên', 6),
(2209, 'Xuân Hồng', 6),
(2210, 'Thanh Quang', 6),
(2211, 'Lạc Nông', 6),
(2212, 'Pờ Y', 6),
(2213, 'Mường Bú', 6),
(2214, 'Thiệu Tân', 6),
(2215, 'Thiệu Tâm', 6),
(2216, 'Thạnh Qưới', 6),
(2217, 'Kông Lơng Khơng', 6),
(2218, 'Quỹ Nhất', 6),
(2219, 'Hoa Sơn', 6),
(2220, 'Kiến Hưng', 6),
(2221, 'Lạc Vân', 6),
(2222, 'Ia Boòng', 6),
(2223, 'Ba Vì', 6),
(2224, 'Tùng Vài', 6),
(2225, 'Ngãi Xuyên', 6),
(2226, 'Khổng Lào', 6),
(2227, 'Quảng Bình', 6),
(2228, 'Phổ Văn', 6),
(2229, 'Yên Thạch', 6),
(2230, 'Hợp Hưng', 6),
(2231, 'Lương Hoà Lạc', 6),
(2232, 'Thanh Phát', 6),
(2233, 'Nam Mỹ', 6),
(2234, 'Kim Thượng', 6),
(2235, 'Cư Jang', 6),
(2236, 'Đức Tân', 6),
(2237, 'Kim Thành', 6),
(2238, 'Vị Hoàng', 6),
(2239, 'Hương Long', 6),
(2240, 'Thượng Sơn', 6),
(2241, 'Thuỷ Xuân Tiên', 6),
(2242, 'Bình Trưng Tây', 6),
(2243, 'Tân Định', 6),
(2244, 'Bình Thuỷ', 6),
(2245, 'Chợ Mới', 6),
(2246, 'Pờ Ê', 6),
(2247, 'Hà Lộc', 6),
(2248, 'Nguyệt Hoá', 6),
(2249, 'Bình Phú', 6),
(2250, 'Chí Thạnh', 6),
(2251, 'Chư Pơng', 6),
(2252, 'Sơn Đông', 6),
(2253, 'Nhơn Phúc', 6),
(2254, 'Nhân Nghĩa', 6),
(2255, 'Quyết Tiến', 6),
(2256, 'Thuỷ An', 6),
(2257, 'Hiến Nam', 6),
(2258, 'Văn Đức', 6),
(2259, 'Bình Lăng', 6),
(2260, 'Tiên Dương', 6),
(2261, 'Thanh Lĩnh', 6),
(2262, 'Trung Thu', 6),
(2263, 'Đliê Ya', 6),
(2264, 'Phương Giao', 6),
(2265, 'Thiệu Vân', 6),
(2266, 'Lạc Đạo', 6),
(2267, 'Yên Lỗ', 6),
(2268, 'Ea R\'Bin', 6),
(2269, 'Nam Hưng', 6),
(2270, 'Hà Châu', 6),
(2271, 'Vĩnh Hùng', 6),
(2272, 'Trường Thắng', 6),
(2273, 'Vạn Điểm', 6),
(2274, 'Thái Thọ', 6),
(2275, 'Phạm Hồng Thái', 6),
(2276, 'Hoàn Trạch', 6),
(2277, 'Hải Khê', 6),
(2278, 'Rạch Chèo', 6),
(2279, 'Phước Lý', 6),
(2280, 'Lộc Vĩnh', 6),
(2281, 'Đức Ninh Đông', 6),
(2282, 'Cam Phú', 6),
(2283, 'Tân Trung', 6),
(2284, 'Hải Lý', 6),
(2285, 'Đắk Sôr', 6),
(2286, 'Phượng Lâu', 6),
(2287, 'Hoa Thuỷ', 6),
(2288, 'Thuỵ Sơn', 6),
(2289, 'Phú Lộc', 6),
(2290, 'Mường Lựm', 6),
(2291, 'Đức Lợi', 6),
(2292, 'Phú Cường', 6),
(2293, 'Nghĩa Hoàn', 6),
(2294, 'Đồng Hợp', 6),
(2295, 'Lũng Hoà', 6),
(2296, 'Lũng Cú', 6),
(2297, 'Thanh Yên', 6),
(2298, 'Nam Điền', 6),
(2299, 'Công Thành', 6),
(2300, 'Lạng Sơn', 6),
(2301, 'Đồng Trạch', 6),
(2302, 'Hải Bối', 6),
(2303, 'Văn Lương', 6),
(2304, 'Đức Giang', 6),
(2305, 'Nậm Xây', 6),
(2306, 'Đạ M\'Ri', 6),
(2307, 'Đèo Gia', 6),
(2308, 'Trừng Xá', 6),
(2309, 'Quỳnh Minh', 6),
(2310, 'Tràng Các', 6),
(2311, 'Tân Thuận Bình', 6),
(2312, 'Hoá An', 6),
(2313, 'Khánh Hà', 6),
(2314, 'Lăng Can', 6),
(2315, 'Tràng Cát', 6),
(2316, 'Quỳnh Đôi', 6),
(2317, 'Cao Minh', 6),
(2318, 'Nậm Tha', 6),
(2319, 'Thanh Nho', 6),
(2320, 'Vĩnh Kiên', 6),
(2321, 'Võ Cường', 6),
(2322, 'Giồng Trôm', 6),
(2323, 'Quảng Long', 6),
(2324, 'Thạch Quảng', 6),
(2325, 'Hữu Vinh', 6),
(2326, 'Khánh Đông', 6),
(2327, 'Phước Vân', 6),
(2328, 'Thiệu Trung', 6),
(2329, 'Đào Xá', 6),
(2330, 'Trung Kiên', 6),
(2331, 'Ea D\'Rơng', 6),
(2332, 'Phong Dụ Thượng', 6),
(2333, 'Diên An', 6),
(2334, 'Phả Lễ', 6),
(2335, 'Diễn Thịnh', 6),
(2336, 'Bình Cảng', 6),
(2337, 'Chí Hoà', 6),
(2338, 'Hùng Đô', 6),
(2339, 'Cán Tỷ', 6),
(2340, 'Tân Thạnh', 6),
(2341, 'Tam Lãnh', 6),
(2342, 'Hương Xạ', 6),
(2343, 'Cư M\'Gar', 6),
(2344, 'Hoà Bình 1', 6),
(2345, 'Đắk Rơ Wa', 6),
(2346, 'Hoà Hương', 6),
(2347, 'Xín Chải', 6),
(2348, 'Ninh Sim', 6),
(2349, 'An Vũ', 6),
(2350, 'Hưng Thuỷ', 6),
(2351, 'Tân Thượng', 6),
(2352, 'Thuận Thới', 6),
(2353, 'Nghi Quang', 6),
(2354, 'Pố Lồ', 6),
(2355, 'Đắk Rơ Ông', 6),
(2356, 'Quý Hoà', 6),
(2357, 'Khoan Dụ', 6),
(2358, 'Tây Hồ', 6),
(2359, 'Yên Từ', 6),
(2360, 'Nam Quan', 6),
(2361, 'Yến Dương', 6),
(2362, 'Mông Sơn', 6),
(2363, 'An Vĩ', 6),
(2364, 'Ea Sin', 6),
(2365, 'Thọ Thế', 6),
(2366, 'Cam Lâm', 6),
(2367, 'Tả Thàng', 6),
(2368, 'Nghĩa Khánh', 6),
(2369, 'Nghi Mỹ', 6),
(2370, 'Lộc Vượng', 6),
(2371, 'Hoài Tân', 6),
(2372, 'Lê Hồ', 6),
(2373, 'Gia Hanh', 6),
(2374, 'Bột Xuyên', 6),
(2375, 'Đức Vĩnh', 6),
(2376, 'Thuỵ Duyên', 6),
(2377, 'Đá Bạc', 6),
(2378, 'Vân Hà', 6),
(2379, 'Mỹ Lâm', 6),
(2380, 'Mai Sơn', 6),
(2381, 'Thái Thuần', 6),
(2382, 'Quy Hậu', 6),
(2383, 'Thạch Xuân', 6),
(2384, 'Lát', 6),
(2385, 'Mỹ Nhơn', 6),
(2386, 'Triệu Thuận', 6),
(2387, 'An Lạc A', 6),
(2388, 'Châu Đình', 6),
(2389, 'Hoành Mô', 6),
(2390, 'Cao Phạ', 6),
(2391, 'Chiềng Hoa', 6),
(2392, 'A Đớt', 6),
(2393, 'Tham Đôn', 6),
(2394, 'Hộ Phòng', 6),
(2395, 'Y Tịch', 6),
(2396, 'Thường Thới Tiền', 6),
(2397, 'Đô Lương', 6),
(2398, 'Tân Lợi', 6),
(2399, 'Văn Lý', 6),
(2400, 'Đắk Ang', 6),
(2401, 'Duyệt Trung', 6),
(2402, 'Khánh Phú', 6),
(2403, 'An Trung', 6),
(2404, 'Mù Cả', 6),
(2405, 'Diễn Lợi', 6),
(2406, 'Ea Tih', 6),
(2407, 'Phong Thuỷ', 6),
(2408, 'Phát Diệm', 6),
(2409, 'Vạn An', 6),
(2410, 'Kỳ Lợi', 6),
(2411, 'Bàu Lâm', 6),
(2412, 'San Thàng', 6),
(2413, 'Phước Bửu', 6),
(2414, 'Đài Xuyên', 6),
(2415, 'Đằng Giang', 6),
(2416, 'Vạn Trạch', 6),
(2417, 'Cao Thượng', 6),
(2418, 'Phan Rí Cửa', 6),
(2419, 'Thanh Kỳ', 6),
(2420, 'Đinh Văn', 6),
(2421, 'Hà Dương', 6),
(2422, 'Phước Thể', 6),
(2423, 'Phú Bình', 6),
(2424, 'Cẩm Minh', 6),
(2425, 'Hương Lạc', 6),
(2426, 'Đông Hoà Hiệp', 6),
(2427, 'Dạ Trạch', 6),
(2428, 'Phúc Sạn', 6),
(2429, 'Hữu Lân', 6),
(2430, 'Xuân Thu', 6),
(2431, 'Hoang Thèn', 6),
(2432, 'Mường Mùn', 6),
(2433, 'Tiến Thịnh', 6),
(2434, 'Đắk R\'La', 6),
(2435, 'Hồi Xuân', 6),
(2436, 'Vĩnh Phong', 6),
(2437, 'Nghĩa Long', 6),
(2438, 'Hoà Xuân', 6),
(2439, 'Đắk Cấm', 6),
(2440, 'Đức Châu', 6),
(2441, 'Long Biên', 6),
(2442, 'Quơn Long', 6),
(2443, 'Nhân Mục', 6),
(2444, 'Xuân Vinh', 6),
(2445, 'Thanh Tương', 6),
(2446, 'Pú Nhi', 6),
(2447, 'Chúc Sơn', 6),
(2448, 'Hành Dũng', 6),
(2449, 'Nam Cường', 6),
(2450, 'Văn Tiến', 6),
(2451, 'Tân Hộ Cơ', 6),
(2452, 'Cao Tân', 6),
(2453, 'Quảng Hưng', 6),
(2454, 'Trường Khánh', 6),
(2455, 'Trung Chính', 6),
(2456, 'Nghĩa Dõng', 6),
(2457, 'Xuân Thuỷ', 6),
(2458, 'Anh Dũng', 6),
(2459, 'Hoàng Long', 6),
(2460, 'Mộc Bắc', 6),
(2461, 'Hàm Liêm', 6),
(2462, 'Triệu Hoà', 6),
(2463, 'Quảng Cư', 6),
(2464, 'Trần Phán', 6),
(2465, 'Vĩnh Quới', 6),
(2466, 'Lâm Sơn', 6),
(2467, 'Hải Chính', 6),
(2468, 'Hải Lăng', 6),
(2469, 'Vĩnh Hưng', 6),
(2470, 'Đông Thắng', 6),
(2471, 'Hoà Mạc', 6),
(2472, 'Trường Lâm', 6),
(2473, 'Hưng Trung', 6),
(2474, 'Vân Hồ', 6),
(2475, 'Xuân Thới Thượng', 6),
(2476, 'Mỹ Lung', 6),
(2477, 'Phúc Sơn', 6),
(2478, 'Thuỷ Xuân', 6),
(2479, 'Cam Lập', 6),
(2480, 'Yên Sơn', 6),
(2481, 'Nam Triều', 6),
(2482, 'Xuân An', 6),
(2483, 'Hương Gián', 6),
(2484, 'Hùng Tiến', 6),
(2485, 'Cư K Roá', 6),
(2486, 'Đắk Ngo', 6),
(2487, 'An Hải Tây', 6),
(2488, 'Phú Thọ Hoà', 6),
(2489, 'Thiệu Long', 6),
(2490, 'Nam Hương', 6),
(2491, 'Tế Thắng', 6),
(2492, 'Bình Liêu', 6),
(2493, 'An Viễn', 6),
(2494, 'Nha Bích', 6),
(2495, 'Thanh Mai', 6),
(2496, 'Thân Giáp', 6),
(2497, 'Cam Thành', 6),
(2498, 'Suối Rao', 6),
(2499, 'Lộc Hiệp', 6),
(2500, 'Lao Và Chải', 6),
(2501, 'Phù Chẩn', 6),
(2502, 'Cầu Lộc', 6),
(2503, 'Thắng Mố', 6),
(2504, 'An Châu', 6),
(2505, 'Hồng Kim', 6),
(2506, 'Hưng Công', 6),
(2507, 'Nậm Kè', 6),
(2508, 'Tân Đông', 6),
(2509, 'Tân Hưng Thuận', 6),
(2510, 'Kiền Bái', 6),
(2511, 'Phú Phúc', 6),
(2512, 'Mỹ Đức Đông', 6),
(2513, 'Ba Tô', 6),
(2514, 'Hàng Mã', 6),
(2515, 'Hiệp Mỹ Tây', 6),
(2516, 'Dân Thành', 6),
(2517, 'Đại Bái', 6),
(2518, 'Thị Hoa', 6),
(2519, 'Phúc Xá', 6),
(2520, 'Tam Thuận', 6),
(2521, 'Trà Tân', 6),
(2522, 'Tây Yên A', 6),
(2523, 'Mậu Đông', 6),
(2524, 'Hải Dương', 6),
(2525, 'Tự Do', 6),
(2526, 'Tịnh Long', 6),
(2527, 'Lộc Nga', 6),
(2528, 'Sông Bờ', 6),
(2529, 'Tả Van Chư', 6),
(2530, 'Đông Hưng', 6),
(2531, 'Hồng Bắc', 6),
(2532, 'An Nghiệp', 6),
(2533, 'Thuỵ Trình', 6),
(2534, 'Vĩnh Chân', 6),
(2535, 'Mỹ Thạnh', 6),
(2536, 'Quảng Hải', 6),
(2537, 'Bàu Hàm 2', 6),
(2538, 'Hưng Khánh', 6),
(2539, 'Quảng Thạch', 6),
(2540, 'Xuân Bảo', 6),
(2541, 'Gành Hào', 6),
(2542, 'Liêm Phong', 6),
(2543, 'Sông Luỹ', 6),
(2544, 'Xuân Quan', 6),
(2545, 'Như Hoà', 6),
(2546, 'Tam Lập', 6),
(2547, 'Điền Công', 6),
(2548, 'Phúc Lâm', 6),
(2549, 'Tây Phong', 6),
(2550, 'Ninh Đa', 6),
(2551, 'Hà Lầm', 6),
(2552, 'Đường Hoa', 6),
(2553, 'Đắk Tô', 6),
(2554, 'Hồng Quỳnh', 6),
(2555, 'Ka Lăng', 6),
(2556, 'Kim Cúc', 6),
(2557, 'Sơn Ninh', 6),
(2558, 'Nhơn Thạnh Trung', 6),
(2559, 'Trung Thành', 6),
(2560, 'Cẩm Dương', 6),
(2561, 'Nấm Lư', 6),
(2562, 'Trung Lý', 6),
(2563, 'Ngọc Thành', 6),
(2564, 'Hạp Lĩnh', 6),
(2565, 'N.T Phong Hải', 6),
(2566, 'Đốc Tín', 6),
(2567, 'Húc Nghì', 6),
(2568, 'Xuân Thọ', 6),
(2569, 'Ninh Lộc', 6),
(2570, 'Nghiên Loan', 6),
(2571, 'Hướng Phùng', 6),
(2572, 'Long Vĩnh', 6),
(2573, 'Chiềng Hắc', 6),
(2574, 'Mường Giàng', 6),
(2575, 'Lộc Điền', 6),
(2576, 'Hưng Thuận', 6),
(2577, 'Tứ Kỳ', 6),
(2578, 'Leng Su Sìn', 6),
(2579, 'Tiên Hiệp', 6),
(2580, 'Ngọc Xuyên', 6),
(2581, 'Hướng Linh', 6),
(2582, 'Bằng Thành', 6),
(2583, 'Ông Đình', 6),
(2584, 'Ba Tơ', 6),
(2585, 'Hàm Tiến', 6),
(2586, 'Thiệu Duy', 6),
(2587, 'Long Thạnh', 6),
(2588, 'Bảo Nhai', 6),
(2589, 'Phú Quới', 6),
(2590, 'Hữu Bằng', 6),
(2591, 'Đắc Tôi', 6),
(2592, 'Chánh Mỹ', 6),
(2593, 'Trảng Bàng', 6),
(2594, 'An Nhứt', 6),
(2595, 'Chiềng Bôm', 6),
(2596, 'Nậm Giôn', 6),
(2597, 'Bằng Hữu', 6),
(2598, 'Xương Huân', 6),
(2599, 'Cửa Ông', 6),
(2600, 'Quỳnh Hải', 6),
(2601, 'Tân Lễ', 6),
(2602, 'Bắc Hợp', 6),
(2603, 'Nậm Hàng', 6),
(2604, 'Phú Xá', 6),
(2605, 'Xuân Tiến', 6),
(2606, 'Tạ Khoa', 6),
(2607, 'Huy Tường', 6),
(2608, 'La Khê', 6),
(2609, 'Tịnh Bắc', 6),
(2610, 'Tụ Nhân', 6),
(2611, 'Kiên Lương', 6),
(2612, 'Chư Á', 6),
(2613, 'Quân Chu', 6),
(2614, 'Tà Hine', 6),
(2615, 'Hải Lệ', 6),
(2616, 'Nam Thái', 6),
(2617, 'Cần Kiệm', 6),
(2618, 'Chu Hương', 6),
(2619, 'Yên Kiện', 6),
(2620, 'Hải Lộc', 6),
(2621, 'Trà Côn', 6),
(2622, 'Tân Lập', 6),
(2623, 'Liên Nghĩa', 6),
(2624, 'An Hữu', 6),
(2625, 'Đạo Nghĩa', 6),
(2626, 'Ea Bar', 6),
(2627, 'Thạch Kiệt', 6),
(2628, 'Thọ Thắng', 6),
(2629, 'Quân Khê', 6),
(2630, 'Dân Tiến', 6),
(2631, 'Canh Liên', 6),
(2632, 'Cam Cọn', 6),
(2633, 'Ngũ Hùng', 6),
(2634, 'Đăng Hà', 6),
(2635, 'Quỳnh Nghĩa', 6),
(2636, 'Yên Bái', 6),
(2637, 'Hưng Hội', 6),
(2638, 'Chế Cu Nha', 6),
(2639, 'Gia Thắng', 6),
(2640, 'Mường Cai', 6),
(2641, 'Phu Luông', 6),
(2642, 'Kon Chiêng', 6),
(2643, 'Xà Bang', 6),
(2644, 'Đa Krông', 6),
(2645, 'Trường An', 6),
(2646, 'Đak Pơ', 6),
(2647, 'Nga Quán', 6),
(2648, 'Hồng Sơn', 6),
(2649, 'Phú Tiến', 6),
(2650, 'Hồng Đức', 6),
(2651, 'Bảo Thành', 6),
(2652, 'Thành Yên', 6),
(2653, 'Phước Trạch', 6),
(2654, 'Qưới Sơn', 6),
(2655, 'Hoằng Trinh', 6),
(2656, 'Tân Tiến', 6),
(2657, 'Hương Liên', 6),
(2658, 'Đức Nhân', 6),
(2659, 'Xuân Long', 6),
(2660, 'Hạ Thôn', 6),
(2661, 'Thái Dương', 6),
(2662, 'Tân Công Sính', 6),
(2663, 'Giang Biên', 6),
(2664, 'Tân Dương', 6),
(2665, 'Trung Thịnh', 6),
(2666, 'Lưu Nghiệp Anh', 6),
(2667, 'Hưng Thắng', 6),
(2668, 'Liên Am', 6),
(2669, 'Giao Hoà', 6),
(2670, 'Tuy Phước', 6),
(2671, 'Mường Chiên', 6),
(2672, 'Nàng Mau', 6),
(2673, 'Hiệp Xương', 6),
(2674, 'Yên Khang', 6),
(2675, 'Phổ Khánh', 6),
(2676, 'Hà Phú', 6),
(2677, 'Tiểu Cần', 6),
(2678, 'Ân Mỹ', 6),
(2679, 'Vĩnh Hoà Phú', 6),
(2680, 'Mỹ Phúc', 6),
(2681, 'Hào Lý', 6),
(2682, 'Cẩm Chế', 6),
(2683, 'Hoà Cuông', 6),
(2684, 'Tam Thạnh', 6),
(2685, 'Lạc Dương', 6),
(2686, 'Định Công', 6),
(2687, 'Kháng Nhật', 6),
(2688, 'Bến Thuỷ', 6),
(2689, 'Nga Tiến', 6),
(2690, 'Mỹ Thành Bắc', 6),
(2691, 'Phước Vĩnh Tây', 6),
(2692, 'Quảng Thọ', 6),
(2693, 'Cư An', 6),
(2694, 'Giang Ma', 6),
(2695, 'Hoàng Khai', 6),
(2696, 'Ngọc Phái', 6),
(2697, 'Quảng Đức', 6),
(2698, 'Kim Khê', 6),
(2699, 'Tiên Lục', 6),
(2700, 'Thạch Hưng', 6),
(2701, 'Châu Phú B', 6),
(2702, 'An Dương', 6),
(2703, 'Châu Phú A', 6),
(2704, 'Nam Thái A', 6),
(2705, 'Linh Xuân', 6),
(2706, 'Đức Bác', 6),
(2707, 'Trà Vinh', 6),
(2708, 'Châu Quang', 6),
(2709, 'Vị Xuyên', 6),
(2710, 'Đặng Cương', 6),
(2711, 'An Toàn', 6),
(2712, 'Phổ Nhơn', 6),
(2713, 'La Ngà', 6),
(2714, 'Gia Thanh', 6),
(2715, 'Nậm Lúc', 6),
(2716, 'Ngọc Hội', 6),
(2717, 'Hạ Lý', 6),
(2718, 'Chiềng Nơi', 6),
(2719, 'Thanh Nguyên', 6),
(2720, 'Đông Hà', 6),
(2721, 'Nậm Loỏng', 6),
(2722, 'Nghi Phương', 6),
(2723, 'Hoà Tâm', 6),
(2724, 'Hoà Tân', 6),
(2725, 'Thượng Quan', 6),
(2726, 'An Lĩnh', 6),
(2727, 'Đắc Pre', 6),
(2728, 'Cán Hồ', 6),
(2729, 'Hoàn Lão', 6),
(2730, 'Võ Miếu', 6),
(2731, 'Ngư Hoá', 6),
(2732, 'Vĩnh Long', 6),
(2733, 'Văn Phú', 6),
(2734, 'Phong Thịnh', 6),
(2735, 'Nghĩa Đức', 6),
(2736, 'Lão Hộ', 6),
(2737, 'Nga Liên', 6),
(2738, 'La Pán Tẩn', 6),
(2739, 'Hoà An', 6),
(2740, 'Thái Bình', 6),
(2741, 'Tân Cảnh', 6),
(2742, 'Hoàng Vân', 6),
(2743, 'Đăk Sơmei', 6),
(2744, 'Nhị Long Phú', 6),
(2745, 'Thọ Văn', 6),
(2746, 'Kỳ Giang', 6),
(2747, 'Nội Thôn', 6),
(2748, 'Long Tâm', 6),
(2749, 'Tiên Thọ', 6),
(2750, 'Ân Tín', 6),
(2751, 'Hoà Khánh Bắc', 6),
(2752, 'Chính Gián', 6),
(2753, 'Phước Gia', 6),
(2754, 'Phú Lãm', 6),
(2755, 'Phú Lão', 6),
(2756, 'Nghi Trường', 6),
(2757, 'Châu Quế Thượng', 6),
(2758, 'Vũ Đông', 6),
(2759, 'Ia Vê', 6),
(2760, 'Sơn Thọ', 6),
(2761, 'Hà Thái', 6),
(2762, 'Ea Ngai', 6),
(2763, 'Đinh Lạc', 6),
(2764, 'Hải Châu 2', 6),
(2765, 'Rạch Dừa', 6),
(2766, 'Xương Giang', 6),
(2767, 'Sơn Định', 6),
(2768, 'Hưng Lĩnh', 6),
(2769, 'Phúc Tiến', 6),
(2770, 'Đường Lâm', 6),
(2771, 'Thông Thụ', 6),
(2772, 'Thượng Giáp', 6),
(2773, 'Quỳnh Xuân', 6),
(2774, 'Tân Hà', 6),
(2775, 'Tủa Sín Chải', 6),
(2776, 'Tịnh Hà', 6),
(2777, 'Lam Cốt', 6),
(2778, 'Trà Hiệp', 6),
(2779, 'Hoằng Quang', 6),
(2780, 'Thượng Giáo', 6),
(2781, 'Thạch Sơn', 6),
(2782, 'Đạ Long', 6),
(2783, 'Hiếu Phụng', 6),
(2784, 'Ea Kiết', 6),
(2785, 'Cấm Sơn', 6),
(2786, 'Xuất Hoá', 6),
(2787, 'Nghĩa Hồ', 6),
(2788, 'Thượng Lộ', 6),
(2789, 'Cổ Lễ', 6),
(2790, 'Cẩm Ninh', 6),
(2791, 'Lộc Bảo', 6),
(2792, 'Đại Thành', 6),
(2793, 'Trung Phụng', 6),
(2794, 'Khánh Bình', 6),
(2795, 'Phi Hải', 6),
(2796, 'Bạch Hạ', 6),
(2797, 'Mỹ Đình 1', 6),
(2798, 'Mỹ Đình 2', 6),
(2799, 'Yên Cát', 6),
(2800, 'Lạc Long', 6),
(2801, 'Đắk Hoà', 6),
(2802, 'Tế Nông', 6),
(2803, 'Cao Phong', 6),
(2804, 'Phước Sang', 6),
(2805, 'Xuân Huy', 6),
(2806, 'Tóc Tiên', 6),
(2807, 'Kinh Môn', 6),
(2808, 'Định Quán', 6),
(2809, 'Tân Liễu', 6),
(2810, 'Vĩnh Trại', 6),
(2811, 'Bản Liền', 6),
(2812, 'Nghĩa Thắng', 6),
(2813, 'Đông Kinh', 6),
(2814, 'Nguyên Xá', 6),
(2815, 'Thái Mỹ', 6),
(2816, 'Phước Tân Hưng', 6),
(2817, 'Tân Nghĩa', 6),
(2818, 'Suối Tọ', 6),
(2819, 'Đúc', 6),
(2820, 'Vĩnh Khang', 6),
(2821, 'Thọ Vinh', 6),
(2822, 'H\' Neng', 6),
(2823, 'Mường Đun', 6),
(2824, 'Suối Hiệp', 6),
(2825, 'Bằng Lãng', 6),
(2826, 'Thượng Hà', 6),
(2827, 'Cam Thanh', 6),
(2828, 'Thượng Đạt', 6),
(2829, 'Bum Nưa', 6),
(2830, 'Linh Sơn', 6),
(2831, 'Hải Châu  1', 6),
(2832, 'Hua Nhàn', 6),
(2833, 'La Ngâu', 6),
(2834, 'Mỹ Phương', 6),
(2835, 'Bình Xuyên', 6),
(2836, 'Thanh Trù', 6),
(2837, 'Đại Yên', 6),
(2838, 'Phú Thượng', 6),
(2839, 'Thanh Trì', 6),
(2840, 'Chơ Chun', 6),
(2841, 'Quảng Kim', 6),
(2842, 'Tùng Khê', 6),
(2843, 'Cửa Tùng', 6),
(2844, 'Hoà Khương', 6),
(2845, 'Vàm Láng', 6),
(2846, 'Định Liên', 6),
(2847, 'Diễn Hùng', 6),
(2848, 'Cửa Nam', 6),
(2849, 'Giáp Lai', 6),
(2850, 'Kỳ Tân', 6),
(2851, 'Đạt Hiếu', 6),
(2852, 'Đắk Ru', 6),
(2853, 'Kỳ Tây', 6),
(2854, 'Trần Tế Xương', 6),
(2855, 'Phan Điền', 6),
(2856, 'Phú Lương', 6),
(2857, 'Thiện Hoà', 6),
(2858, 'Bình Tú', 6),
(2859, 'Thanh Uyên', 6),
(2860, 'Đắk Tờ Re', 6),
(2861, 'Nghinh Xuyên', 6),
(2862, 'Xuân Kiên', 6),
(2863, 'Hà Khánh', 6),
(2864, 'Lương Thượng', 6),
(2865, 'Băng A Drênh', 6),
(2866, 'Đức Sơn', 6),
(2867, 'Cẩm Yên', 6),
(2868, 'Cảnh Hưng', 6),
(2869, 'Tích Sơn', 6),
(2870, 'Đại Lãnh', 6),
(2871, 'Quảng Uyên', 6),
(2872, 'Dền Sáng', 6),
(2873, 'Trọng Hoá', 6),
(2874, 'Phan Chu Trinh', 6),
(2875, 'Noọng Hẹt', 6),
(2876, 'Nam Anh', 6),
(2877, 'Tiên Nguyên', 6),
(2878, 'Eabar', 6),
(2879, 'Tân Nguyên', 6),
(2880, 'Vạn Yên', 6),
(2881, 'U Minh', 6),
(2882, 'Lạng San', 6),
(2883, 'Giục Tượng', 6),
(2884, 'Lai Vu', 6),
(2885, 'Kim An', 6),
(2886, 'Sơn Hà', 6),
(2887, 'Văn Hoàng', 6),
(2888, 'Nghĩa Dũng', 6),
(2889, 'Tân Tây', 6),
(2890, 'Lộc Thiện', 6),
(2891, 'Sơn Quang', 6),
(2892, 'Thanh Vĩnh Đông', 6),
(2893, 'Minh Hợp', 6),
(2894, 'Viêng Lán', 6),
(2895, 'Hồ Tùng Mậu', 6),
(2896, 'Đông Phương Yên', 6),
(2897, 'Sơn Trà', 6),
(2898, 'Thượng Lộc', 6),
(2899, 'Thiện Hưng', 6),
(2900, 'Bình Tịnh', 6),
(2901, 'Sinh Long', 6),
(2902, 'Bắc Lệnh', 6),
(2903, 'Chùa Hang', 6),
(2904, 'Quang Thuận', 6),
(2905, 'Đức Minh', 6),
(2906, 'Phúc Lộc', 6),
(2907, 'Sơn Phúc', 6),
(2908, 'Diễn Nguyên', 6),
(2909, 'Tam Hiệp', 6),
(2910, 'Đại Phác', 6),
(2911, 'Tường Lộc', 6),
(2912, 'Sơn Hùng', 6),
(2913, 'Châu Thành', 6),
(2914, 'Tây Phú', 6),
(2915, 'Vân Khánh', 6),
(2916, 'Nghi Thiết', 6),
(2917, 'Kỳ Ninh', 6),
(2918, 'Vân Du', 6),
(2919, 'Phúc Đường', 6),
(2920, 'Tri Hải', 6),
(2921, 'Thiệu Lý', 6),
(2922, 'Nguyễn Thái Bình', 6),
(2923, 'Tùng Lộc', 6),
(2924, 'Hùng Cường', 6),
(2925, 'An Thạnh', 6),
(2926, 'Xuân Lãnh', 6),
(2927, 'Cẩm Kim', 6),
(2928, 'Thục Luyện', 6),
(2929, 'Đức Hoá', 6),
(2930, 'Bình Minh', 6),
(2931, 'Bến Tắm', 6),
(2932, 'Sơn Hội', 6),
(2933, 'An Bồi', 6),
(2934, 'Hương Lâm', 6),
(2935, 'Mường Khoa', 6),
(2936, 'Hùng Quốc', 6),
(2937, 'Bàu Năng', 6),
(2938, 'Phù Yên', 6),
(2939, 'Tu Vũ', 6),
(2940, 'Xuân Thạnh', 6),
(2941, 'Nam Lĩnh', 6),
(2942, 'Ia Rsươm', 6),
(2943, 'Chi Lăng', 6),
(2944, 'Đông Thới', 6),
(2945, 'Tiên Yên', 6),
(2946, 'Krông Á', 6),
(2947, 'Cốc Đán', 6),
(2948, 'Nhân Mỹ', 6),
(2949, 'Thiên Hương', 6),
(2950, 'Đông Hợp', 6),
(2951, 'Vĩnh Xương', 6),
(2952, 'Niệm Nghĩa', 6),
(2953, 'Định Thuỷ', 6),
(2954, 'Kim Thuỷ', 6),
(2955, 'Hiếu Liêm', 6),
(2956, 'Vĩnh Thuận Đông', 6),
(2957, 'Sơn Mai', 6),
(2958, 'Núa Ngam', 6),
(2959, 'Chiềng Pằn', 6),
(2960, 'Thượng Nhật', 6),
(2961, 'Chiềng Ban', 6),
(2962, 'An Hùng', 6),
(2963, 'Phúc Thọ', 6),
(2964, 'Láng Hạ', 6),
(2965, 'Cheo Reo', 6),
(2966, 'Cam Hoà', 6),
(2967, 'Đức Thịnh', 6),
(2968, 'Kroong', 6),
(2969, 'Tân Khánh Đông', 6),
(2970, 'Bằng Doãn', 6),
(2971, 'Xuân Ái', 6),
(2972, 'Hàng Vịnh', 6),
(2973, 'Đông Thành', 6),
(2974, 'Thái Thịnh', 6),
(2975, 'Tân Phú', 6),
(2976, 'Chợ Lách', 6),
(2977, 'Vân Mộng', 6),
(2978, 'Đắk Kơ Ning', 6),
(2979, 'Phan Sào Nam', 6),
(2980, 'Lâm Lợi', 6),
(2981, 'Púng Bánh', 6),
(2982, 'Tứ Yên', 6),
(2983, 'Hoà Cư', 6),
(2984, 'Hùng Quan', 6),
(2985, 'Tân Tuyến', 6),
(2986, 'Sa Lông', 6),
(2987, 'Đắk Plao', 6),
(2988, 'Thanh Đa', 6),
(2989, 'Gia Thịnh', 6),
(2990, 'Diên Khánh', 6),
(2991, 'Thượng Vũ', 6),
(2992, 'Thanh Tiên', 6),
(2993, 'Nhị Châu', 6),
(2994, 'Ya Tờ Mốt', 6),
(2995, 'Cà Ná', 6),
(2996, 'Nậm Manh', 6),
(2997, 'Mỹ Thạnh Trung', 6),
(2998, 'Tắc Vân', 6),
(2999, 'Cốc Lầu', 6),
(3000, 'Nậm Mòn', 6),
(3001, 'Việt Tiến', 6),
(3002, 'Phan Hoà', 6),
(3003, 'Xuân Định', 6),
(3004, 'Thạch Long', 6),
(3005, 'Ân Hảo Tây', 6),
(3006, 'Thanh Miếu', 6),
(3007, 'Sơn Thành Tây', 6),
(3008, 'Hương Vĩnh', 6),
(3009, 'Tà Mít', 6),
(3010, 'Khánh Lâm', 6),
(3011, 'Vôi', 6),
(3012, 'Bản Luốc', 6),
(3013, 'Ka Đơn', 6),
(3014, 'Vĩnh Nam', 6),
(3015, 'Ái Tử', 6),
(3016, 'Ea Drông', 6),
(3017, 'Ninh Mỹ', 6),
(3018, 'Cẩm Lộc', 6),
(3019, 'Krông Kmar', 6),
(3020, 'Mai Động', 6),
(3021, 'Đức Lạc', 6),
(3022, 'Ea Kly', 6),
(3023, 'Phùng Chí Kiên', 6),
(3024, 'Tiên Phong', 6),
(3025, 'Ia Yeng', 6),
(3026, 'Nguyễn Huệ', 6),
(3027, 'Ngư Thuỷ Nam', 6),
(3028, 'Quy Mỹ', 6),
(3029, 'Ninh Thạnh', 6),
(3030, 'Chà Là', 6),
(3031, 'Thạnh Phú', 6),
(3032, 'Tả Củ Tỷ', 6),
(3033, 'Tái Sơn', 6),
(3034, 'Ninh Hải', 6),
(3035, 'Nam Dong', 6),
(3036, 'Chà Tở', 6),
(3037, 'An Lương', 6),
(3038, 'Khe Tre', 6),
(3039, 'Đại Mạch', 6),
(3040, 'Nghĩa Liên', 6),
(3041, 'Thái Phương', 6),
(3042, 'An Thạnh 2', 6),
(3043, 'An Thạnh 3', 6),
(3044, 'Đại Tự', 6),
(3045, 'Diễn Hồng', 6),
(3046, 'Hậu Mỹ Phú', 6),
(3047, 'Yên Mỹ', 6),
(3048, 'Hương Xuân', 6),
(3049, 'Dũng Phong', 6),
(3050, 'Ea Tóh', 6),
(3051, 'Ngư Thuỷ Bắc', 6),
(3052, 'Kiệt Sơn', 6),
(3053, 'Vũ Công', 6),
(3054, 'Thổ Sơn', 6),
(3055, 'Cẩm Đoài', 6),
(3056, 'Xuân Mỹ', 6),
(3057, 'An Thạnh 1', 6),
(3058, 'Phước Kim', 6),
(3059, 'Tà Tổng', 6),
(3060, 'Chiềng San', 6),
(3061, 'Bạch Sam', 6),
(3062, 'Bản Hon', 6),
(3063, 'Châu Kim', 6),
(3064, 'Nhượng Bạn', 6),
(3065, 'Việt Chu', 6),
(3066, 'Tân Thới Hiệp', 6),
(3067, 'Lùng Thàng', 6),
(3068, 'Cẩm Thạch', 6),
(3069, 'Hoàng Giang', 6),
(3070, 'Xa Dung', 6),
(3071, 'Liên Thành', 6),
(3072, 'Cửa Đông', 6),
(3073, 'Bình Hàn', 6),
(3074, 'Ô Chợ Dừa', 6),
(3075, 'Trà Cổ', 6),
(3076, 'Xích Thổ', 6),
(3077, 'Thanh Lưu', 6),
(3078, 'Phước Hiệp', 6),
(3079, 'Cát Bi', 6),
(3080, 'Kẻ Sặt', 6),
(3081, 'Gia Hoà 1', 6),
(3082, 'Hải Ba', 6),
(3083, 'Xuân Tâm', 6),
(3084, 'Gia Hoà 2', 6),
(3085, 'Núi Tô', 6),
(3086, 'Khánh Mậu', 6),
(3087, 'Xuân Tây', 6),
(3088, 'Bằng Cốc', 6),
(3089, 'Hoàn Sơn', 6),
(3090, 'Phú Long', 6),
(3091, 'Dịch Vọng Hậu', 6),
(3092, 'Quán Hành', 6),
(3093, 'Trung Hà', 6),
(3094, 'Yên Lập', 6),
(3095, 'Cự Khối', 6),
(3096, 'Hạnh Sơn', 6),
(3097, 'Lầu Thí Ngài', 6),
(3098, 'Dân Quyền', 6),
(3099, 'Mường Ải', 6),
(3100, 'Tú Nang', 6),
(3101, 'Tạ An Khương  Đông', 6),
(3102, 'Gia Phương', 6),
(3103, 'Tam Hợp', 6),
(3104, 'Thọ Thành', 6),
(3105, 'Hoàng Lương', 6),
(3106, 'Minh Xuân', 6),
(3107, 'Ia Tul', 6),
(3108, 'Vân Trục', 6),
(3109, 'Bùi Hữu Nghĩa', 6),
(3110, 'An Tiến', 6),
(3111, 'Cát Bà', 6),
(3112, 'Hàm Thắng', 6),
(3113, 'Vạn Thạnh', 6),
(3114, 'Cao An', 6),
(3115, 'Miền Đồi', 6),
(3116, 'Thuỷ Đông', 6),
(3117, 'Phục Linh', 6),
(3118, 'Thuần Mang', 6),
(3119, 'Cổ Phúc', 6),
(3120, 'Trực Tuấn', 6),
(3121, 'Nt Trần Phú', 6),
(3122, 'Hà Linh', 6),
(3123, 'Tân Nhuận Đông', 6),
(3124, 'Minh Lương', 6),
(3125, 'Phú Mãn', 6),
(3126, 'Nghi Kim', 6),
(3127, 'Xuân Vân', 6),
(3128, 'Cẩm La', 6),
(3129, 'Quan Thần Sán', 6),
(3130, 'Dư Hàng', 6),
(3131, 'Quế Lộc', 6),
(3132, 'Phú Vinh', 6),
(3133, 'Thư Phú', 6),
(3134, 'Ea Súp', 6),
(3135, 'Kênh Dương', 6),
(3136, 'Pù Nhi', 6),
(3137, 'Hữu Khánh', 6),
(3138, 'Phổ Cường', 6),
(3139, 'Thanh Phong', 6),
(3140, 'Tung Chung Phố', 6),
(3141, 'Sơn Lôi', 6),
(3142, 'Phú Vang', 6),
(3143, 'Thạnh Thắng', 6),
(3144, 'Điện Nam Trung', 6),
(3145, 'Cần Thạnh', 6),
(3146, 'Nhơn Hội', 6),
(3147, 'Nhi Sơn', 6),
(3148, 'Tân Lạc', 6),
(3149, 'Hoàng Liệt', 6),
(3150, 'Úc Kỳ', 6),
(3151, 'Quang Minh', 6),
(3152, 'Chánh Nghĩa', 6),
(3153, 'Thuỷ Dương', 6),
(3154, 'Tam Lộc', 6),
(3155, 'Mường Khến', 6),
(3156, 'Hương Bình', 6),
(3157, 'Đu', 6),
(3158, 'Long Hựu Đông', 6),
(3159, 'An Khang', 6),
(3160, 'Cẩm Lý', 6),
(3161, 'Thuỵ Phong', 6),
(3162, 'Trường Minh', 6),
(3163, 'Hương Ngải', 6),
(3164, 'Tân Phú Thạnh', 6),
(3165, 'Xuân Hưng', 6),
(3166, 'Cẩm Quang', 6),
(3167, 'Khánh Vĩnh', 6),
(3168, 'Hộ Độ', 6),
(3169, 'Điện Thắng Bắc', 6),
(3170, 'Hạ Đình', 6),
(3171, 'Trà Vân', 6),
(3172, 'Diễn Vạn', 6),
(3173, 'Đồng Giáp', 6),
(3174, 'Lộc Quang', 6),
(3175, 'Xuân Phước', 6),
(3176, 'Nga Thanh', 6),
(3177, 'Tiên Cảnh', 6),
(3178, 'Hồng Việt', 6),
(3179, 'Hương Mạc', 6),
(3180, 'Hải Minh', 6),
(3181, 'Đại An', 6),
(3182, 'Lùng Cải', 6),
(3183, 'Hà Trung', 6),
(3184, 'Kiến Thiết', 6),
(3185, 'Hạ Bằng', 6),
(3186, 'Thanh Dương', 6),
(3187, 'Hành Phước', 6),
(3188, 'Văn Đẩu', 6),
(3189, 'Linh Chiểu', 6),
(3190, 'Hoàng Quế', 6),
(3191, 'Gia Đông', 6),
(3192, 'Giang Điền', 6),
(3193, 'Thái Học', 6),
(3194, 'Nghị Đức', 6),
(3195, 'Nga Thuỷ', 6),
(3196, 'Phong Bình', 6),
(3197, 'Ia Hiao', 6),
(3198, 'Quán Trữ', 6),
(3199, 'Quảng Yên', 6),
(3200, 'San Sả Hồ', 6),
(3201, 'Tam Giang Đông', 6),
(3202, 'Thạch Hạ', 6),
(3203, 'Tình Cương', 6),
(3204, 'Đông Kỳ', 6),
(3205, 'Pá Hu', 6),
(3206, 'Ia Rtô', 6),
(3207, 'Trâu Quỳ', 6),
(3208, 'Thường Nga', 6),
(3209, 'Văn Bình', 6),
(3210, 'Phạm Trấn', 6),
(3211, 'Mộc Châu', 6),
(3212, 'Vĩnh Phước B', 6),
(3213, 'Trinh Phú', 6),
(3214, 'Long Thọ', 6),
(3215, 'Thanh Lạc', 6),
(3216, 'Phương Đình', 6),
(3217, 'Danh Sỹ', 6),
(3218, 'Thi Sơn', 6),
(3219, 'Thạnh Hải', 6),
(3220, 'Chu Điện', 6),
(3221, 'Đa Kia', 6),
(3222, 'Thịnh Đán', 6),
(3223, 'Lộc Bổn', 6),
(3224, 'Điền Hạ', 6),
(3225, 'Thịnh Quang', 6),
(3226, 'Chánh Hội', 6),
(3227, 'Hưng Điền', 6),
(3228, 'Giao An', 6),
(3229, 'Hoá Thượng', 6),
(3230, 'Tân Tạo', 6),
(3231, 'Hải Thọ', 6),
(3232, 'Mường Cơi', 6),
(3233, 'Ngọc Vân', 6),
(3234, 'Cao Kỳ', 6),
(3235, 'Việt Hùng', 6),
(3236, 'Đặng Xá', 6),
(3237, 'Hoà Phước', 6),
(3238, 'Hà Lâu', 6),
(3239, 'Hà Lâm', 6),
(3240, 'Sơn Kim 2', 6),
(3241, 'Sơn Kim 1', 6),
(3242, 'Cao Lộc', 6),
(3243, 'Yên Trạch', 6),
(3244, 'Chi Đông', 6),
(3245, 'Văn Xuôi', 6),
(3246, 'Thanh Hoá', 6),
(3247, 'Thanh Hoà', 6),
(3248, 'Vọng Đông', 6),
(3249, 'Bình Hoà', 6),
(3250, 'Hua Păng', 6),
(3251, 'Long Sơn', 6),
(3252, 'Minh Phương', 6),
(3253, 'Cẩm Thịnh', 6),
(3254, 'Tân Hoà', 6),
(3255, 'Tân Hoá', 6),
(3256, 'Trung Ý', 6),
(3257, 'Phong Hải', 6),
(3258, 'Háng Lìa', 6),
(3259, 'Lương Bằng', 6),
(3260, 'Châu Thuận', 6),
(3261, 'Đồng Lâm', 6),
(3262, 'Vũng Liêm', 6),
(3263, 'Trà Sơn', 6),
(3264, 'Hoà Phát', 6),
(3265, 'Nà Bủng', 6),
(3266, 'Ma Quai', 6),
(3267, 'Tứ Quận', 6),
(3268, 'Xuân Tân', 6),
(3269, 'Mường Thín', 6),
(3270, 'Phú Dương', 6),
(3271, 'Thạch Khôi', 6),
(3272, 'Vũ Vinh', 6),
(3273, 'Đông La', 6),
(3274, 'Lạc Thịnh', 6),
(3275, 'La Bằng', 6),
(3276, 'Hùng Lợi', 6),
(3277, 'Bình Trưng Đông', 6),
(3278, 'Xuân Châu', 6),
(3279, 'Bích Hoà', 6),
(3280, 'Long Phú', 6),
(3281, 'Ninh Giang', 6),
(3282, 'Thiệu Phúc', 6),
(3283, 'Mỹ Hạnh Bắc', 6),
(3284, 'Ngọc Đường', 6),
(3285, 'Sơn Đà', 6),
(3286, 'Vân Thuỷ', 6),
(3287, 'Sập Vạt', 6),
(3288, 'Sơn Kỳ', 6),
(3289, 'Nga Tân', 6),
(3290, 'Hà Cầu', 6),
(3291, 'Za Hung', 6),
(3292, 'Trà Kót', 6),
(3293, 'Hựu Thạnh', 6),
(3294, 'Quỳnh Yên', 6),
(3295, 'Nhân Sơn', 6),
(3296, 'Thạch Tân', 6),
(3297, 'Sông Bình', 6),
(3298, 'Thắng Hải', 6),
(3299, 'Hiệp Hạ', 6),
(3300, 'Túc Đán', 6),
(3301, 'Vạn Lương', 6),
(3302, 'Trảng Dài', 6),
(3303, 'Mường Than', 6),
(3304, 'Cự Đồng', 6),
(3305, 'Đông Đô', 6),
(3306, 'Nhơn Hạnh', 6),
(3307, 'Thành Kim', 6),
(3308, 'Nghi Công Nam', 6),
(3309, 'Kim Tân', 6),
(3310, 'Chư Sê', 6),
(3311, 'Duyên Thái', 6),
(3312, 'Chiềng Công', 6),
(3313, 'Đăng Hưng Phước', 6),
(3314, 'Thường Phước 1', 6),
(3315, 'Thường Phước 2', 6),
(3316, 'Tây Hưng', 6),
(3317, 'Lộc Hạ', 6),
(3318, 'Hiến Thành', 6),
(3319, 'Đa Lộc', 6),
(3320, 'Đức Hồng', 6),
(3321, 'Hiệp Đức', 6),
(3322, 'Mường Lát', 6),
(3323, 'Bảo Cường', 6),
(3324, 'Thuỵ Khuê', 6),
(3325, 'Thuỵ Chính', 6),
(3326, 'Nhân Khang', 6),
(3327, 'Mỹ Thanh', 6),
(3328, 'Khoen On', 6),
(3329, 'Trung Ngãi', 6),
(3330, 'Dương Nội', 6),
(3331, 'Đắk Blà', 6),
(3332, 'Tiên Lộc', 6),
(3333, 'Bồng Sơn', 6),
(3334, 'Suối Trầu', 6),
(3335, 'Thiệu Giao', 6),
(3336, 'Lợi Bình Nhơn', 6),
(3337, 'Sủng Thài', 6),
(3338, 'Mù Căng Chải', 6),
(3339, 'Thái Trị', 6),
(3340, 'Đăk Đoa', 6),
(3341, 'Trù Sơn', 6),
(3342, 'Phước Bình', 6),
(3343, 'Chiềng Đen', 6),
(3344, 'Điền Hoà', 6),
(3345, 'Hương Vinh', 6),
(3346, 'Bình Nam', 6),
(3347, 'Thới An Đông', 6),
(3348, 'Xuân Mai', 6),
(3349, 'Song Tử Tây', 6),
(3350, 'Nà Mường', 6),
(3351, 'Trần Lãm', 6),
(3352, 'Suối Tân', 6),
(3353, 'Bình Thuận', 6),
(3354, 'Ngọc Tố', 6),
(3355, 'Thành Mỹ', 6),
(3356, 'Ya Hội', 6),
(3357, 'Phường 28', 6),
(3358, 'Xuân Đan', 6),
(3359, 'Thanh Xương', 6),
(3360, 'Phường 21', 6),
(3361, 'Phường 20', 6),
(3362, 'Phường 27', 6),
(3363, 'Liễu Giai', 6),
(3364, 'Phường 25', 6),
(3365, 'Phường 24', 6),
(3366, 'Hiệp Lợi', 6),
(3367, 'Tân Hưng Đông', 6),
(3368, 'Lộc Giang', 6),
(3369, 'Quỳnh Bá', 6),
(3370, 'Bảo Lạc', 6),
(3371, 'Tứ Mỹ', 6),
(3372, 'Điền Thượng', 6),
(3373, 'Sông Thao', 6),
(3374, 'Hưng Điền A', 6),
(3375, 'Hưng Điền B', 6),
(3376, 'Lũng Niêm', 6),
(3377, 'Đô Thành', 6),
(3378, 'Quảng Điền', 6),
(3379, 'Tam Gia', 6),
(3380, 'Ea Ô', 6),
(3381, 'An Lâm', 6),
(3382, 'Đức Thắng', 6),
(3383, 'Trực Đạo', 6),
(3384, 'Lại Sơn', 6),
(3385, 'Trực Đại', 6),
(3386, 'Thượng Ân', 6),
(3387, 'Đông Lâm', 6),
(3388, 'Nghi Khánh', 6),
(3389, 'Tam Xuân 1', 6),
(3390, 'Tam Xuân 2', 6),
(3391, 'Lũng Chinh', 6),
(3392, 'Dân Hoá', 6),
(3393, 'Trà Xinh', 6),
(3394, 'An Ninh Đông', 6),
(3395, 'Trung Mầu', 6),
(3396, 'Xuân Dương', 6),
(3397, 'Yên Khoái', 6),
(3398, 'Hậu Lộc', 6),
(3399, 'Xuân Sơn Nam', 6),
(3400, 'Hoá Sơn', 6),
(3401, 'Bảo Thắng', 6),
(3402, 'Tú Lệ', 6),
(3403, 'Tam Đảo', 6),
(3404, 'Trà Thanh', 6),
(3405, 'Tịnh Ấn Đông', 6),
(3406, 'Trung Yên', 6),
(3407, 'Cư Yên', 6),
(3408, 'Hồng Hạ', 6),
(3409, 'Cô Ba', 6),
(3410, 'Nậm Chua', 6),
(3411, 'Cẩm Đường', 6),
(3412, 'Phiêng Cằm', 6),
(3413, 'Dương Xá', 6),
(3414, 'Quang Lang', 6),
(3415, 'Đồng Luận', 6),
(3416, 'Tân Minh', 6),
(3417, 'Mỹ Chánh', 6),
(3418, 'Bản Cầm', 6),
(3419, 'Mỹ Sơn', 6),
(3420, 'Thượng Lâm', 6),
(3421, 'Liên Vị', 6),
(3422, 'Quỳnh Lôi', 6),
(3423, 'Thạch Đạn', 6),
(3424, 'Tiền Yên', 6),
(3425, 'Ngọc Chánh', 6),
(3426, 'Đồng Tĩnh', 6),
(3427, 'Mường Lạn', 6),
(3428, 'Long Khê', 6),
(3429, 'Hà Hải', 6),
(3430, 'An Nhơn Tây', 6),
(3431, 'Xuân Trung', 6),
(3432, 'Long Chánh', 6),
(3433, 'Khang Ninh', 6),
(3434, 'Bờ Ngoong', 6),
(3435, 'An Lễ', 6),
(3436, 'Hà Vân', 6),
(3437, 'Cư Bao', 6),
(3438, 'Đông Huy', 6),
(3439, 'Phước Dinh', 6),
(3440, 'Long Bình Điền', 6),
(3441, 'Ia Hla', 6),
(3442, 'An Dục', 6),
(3443, 'Ninh Xuân', 6),
(3444, 'Nghĩa Thịnh', 6),
(3445, 'Na Tông', 6),
(3446, 'Phước Lại', 6),
(3447, 'Ninh Thạnh Lợi', 6),
(3448, 'Kim Chân', 6),
(3449, 'Bản Ngoại', 6),
(3450, 'Linh Thượng', 6),
(3451, 'Cư Êbur', 6),
(3452, 'Trị Quận', 6),
(3453, 'Ea Tar', 6),
(3454, 'Quảng Xuân', 6),
(3455, 'Chiềng Xuân', 6),
(3456, 'Hải Cường', 6),
(3457, 'Ea Tam', 6),
(3458, 'Hiền Kiệt', 6),
(3459, 'Tam Vinh', 6),
(3460, 'Sơn Lai', 6),
(3461, 'Vàng Ma Chải', 6),
(3462, 'Lê Thiện', 6),
(3463, 'Bình Phục', 6),
(3464, 'Độc Lập', 6),
(3465, 'Hà Sơn', 6),
(3466, 'Thành Trực', 6),
(3467, 'Bãi Trành', 6),
(3468, 'Kim Bôi', 6),
(3469, 'Trân Châu', 6),
(3470, 'Hoá Tiến', 6),
(3471, 'Nhựt Chánh', 6),
(3472, 'Nhơn Hậu', 6),
(3473, 'Nghi Long', 6),
(3474, 'Trà Nham', 6),
(3475, 'Ba Láng', 6),
(3476, 'Đức Dũng', 6),
(3477, 'Kim Giang', 6),
(3478, 'Ea Nuôl', 6),
(3479, 'Tam Dị', 6),
(3480, 'Bần Yên Nhân', 6),
(3481, 'Phương Tú', 6),
(3482, 'Gio An', 6),
(3483, 'Tam Đường', 6),
(3484, 'Ia Lang', 6),
(3485, 'Nghi Thuận', 6),
(3486, 'Hành Nhân', 6),
(3487, 'Thượng Quảng', 6),
(3488, 'Phi Thông', 6),
(3489, 'Ba Đồn', 6),
(3490, 'Bình Thới', 6),
(3491, 'Xuân Lũng', 6),
(3492, 'Phượng Cách', 6),
(3493, 'Chiềng Tương', 6),
(3494, 'Hiệp Bình Phước', 6),
(3495, 'Lý Học', 6),
(3496, 'Tòng Cọ', 6),
(3497, 'Đại Hoá', 6),
(3498, 'Thọ Vực', 6),
(3499, 'Tiên Minh', 6),
(3500, 'Sinh Tồn', 6),
(3501, 'Lũng Pù', 6),
(3502, 'A Xan', 6),
(3503, 'Dân Lý', 6),
(3504, 'Hương Hoà', 6),
(3505, 'Hương Hoá', 6),
(3506, 'Tân Văn', 6),
(3507, 'Sơn Linh', 6),
(3508, 'Ia Blứ', 6),
(3509, 'Nghi Đức', 6),
(3510, 'Cư Dliê M\'Nông', 6),
(3511, 'Hoàng Nam', 6),
(3512, 'Chợ Lầu', 6),
(3513, 'Hồng Kỳ', 6),
(3514, 'Xuy Xá', 6),
(3515, 'Tòng Bạt', 6),
(3516, 'Krông Na', 6),
(3517, 'Tào Sơn', 6),
(3518, 'Vân Tùng', 6),
(3519, 'Pa Tần', 6),
(3520, 'Nghi Liên', 6),
(3521, 'Đông Giang', 6),
(3522, 'Vàng Danh', 6),
(3523, 'Điện Ngọc', 6),
(3524, 'Phong Thu', 6),
(3525, 'Quỳnh Khê', 6),
(3526, 'Tân Hiệp B', 6),
(3527, 'Tân Hiệp A', 6),
(3528, 'Nguyệt Đức', 6),
(3529, 'Chi Nê', 6),
(3530, 'Đông Thạnh', 6),
(3531, 'Thăng Phước', 6),
(3532, 'Thới Long', 6),
(3533, 'Ia Rbol', 6),
(3534, 'Bình Văn', 6),
(3535, 'Việt Vinh', 6),
(3536, 'Kon Thụp', 6),
(3537, 'Quài Cang', 6),
(3538, 'Hà Bình', 6),
(3539, 'Đồng Nơ', 6),
(3540, 'Mồ Dề', 6),
(3541, 'Tà Bhinh', 6),
(3542, 'Bà Điểm', 6),
(3543, 'Đại Lâm', 6),
(3544, 'An Trạch A', 6),
(3545, 'Thịnh Lang', 6),
(3546, 'Ngã Bảy', 6),
(3547, 'Vĩnh Trạch', 6),
(3548, 'Âu Lâu', 6),
(3549, 'Tràng Sơn', 6),
(3550, 'Tân Châu', 6),
(3551, 'Đồng Nhân', 6),
(3552, 'Chiêu Lưu', 6),
(3553, 'Lê Chung', 6),
(3554, 'Cư Knia', 6),
(3555, 'Nam Bình', 6),
(3556, 'Hồng Lộc', 6),
(3557, 'Sông Ray', 6),
(3558, 'Tam Thuấn', 6),
(3559, 'Chí Viễn', 6),
(3560, 'Gio Mỹ', 6),
(3561, 'Liên Giang', 6),
(3562, 'Ea Drăng', 6),
(3563, 'Sĩ Bình', 6),
(3564, 'Thiệu Giang', 6),
(3565, 'Hoà Lễ', 6),
(3566, 'Bình Tấn', 6),
(3567, 'An Phước', 6),
(3568, 'Tân Điền', 6),
(3569, 'Dị Chế', 6),
(3570, 'Phương Điền', 6),
(3571, 'Giao Lạc', 6),
(3572, 'Phan Lâm', 6),
(3573, 'Phương Canh', 6),
(3574, 'Thạch Mỹ', 6),
(3575, 'Đức Hoà Hạ', 6),
(3576, 'Nam Hải', 6),
(3577, 'Tích Thiện', 6),
(3578, 'Hoà Bình', 6),
(3579, 'Triệu Long', 6),
(3580, 'Tiên Hà', 6),
(3581, 'Thọ Quang', 6),
(3582, 'Minh Hạc', 6),
(3583, 'Trung Kênh', 6),
(3584, 'Hạ Trung', 6),
(3585, 'Bon Phặng', 6),
(3586, 'Tam Quang', 6),
(3587, 'Điện An', 6),
(3588, 'Ngũ Lạc', 6),
(3589, 'Quốc Toản', 6),
(3590, 'Minh Hoá', 6),
(3591, 'Minh Hoà', 6),
(3592, 'Đọi Sơn', 6),
(3593, 'Vũ Chính', 6),
(3594, 'Vân Giang', 6),
(3595, 'Song Liễu', 6),
(3596, 'Mường Khiêng', 6),
(3597, 'Yên Mông', 6),
(3598, 'Tịnh Biên', 6),
(3599, 'Trường Bình', 6),
(3600, 'Nà Hẩu', 6),
(3601, 'Nam Hoa', 6),
(3602, 'Hoài Châu Bắc', 6),
(3603, 'Lương Tài', 6),
(3604, 'Keng Đu', 6),
(3605, 'Lục Ba', 6),
(3606, 'Tô Hiệu', 6),
(3607, 'Nam Ka', 6),
(3608, 'Na Son', 6),
(3609, 'Bắc Hải', 6),
(3610, 'Liêm Túc', 6),
(3611, 'Tiến Lợi', 6),
(3612, 'An Đổ', 6),
(3613, 'Thượng Hoá', 6),
(3614, 'Thượng Hoà', 6),
(3615, 'Hưng Hà', 6),
(3616, 'Văn Cẩm', 6),
(3617, 'Hoài Thanh Tây', 6),
(3618, 'Cẩm Quý', 6),
(3619, 'Đông Hưng Thuận', 6),
(3620, 'Quảng Nghĩa', 6),
(3621, 'Đông Nam', 6),
(3622, 'Sà Dề Phìn', 6),
(3623, 'Quốc Việt', 6),
(3624, 'Măng Buk', 6),
(3625, 'Mỏ Vàng', 6),
(3626, 'Thuỵ Việt', 6),
(3627, 'Minh Côi', 6),
(3628, 'Cao Xanh', 6),
(3629, 'Vinh Phú', 6),
(3630, 'Phước Tiến', 6),
(3631, 'Cam Thuỷ', 6),
(3632, 'Gio Châu', 6),
(3633, 'An Lạc Thôn', 6),
(3634, 'Lục Nam', 6),
(3635, 'Quảng Phong', 6),
(3636, 'Nam Hoà', 6),
(3637, 'Nam Hoá', 6),
(3638, 'Hoà Thạch', 6),
(3639, 'An Thái Trung', 6),
(3640, 'Hợp Lý', 6),
(3641, 'Tự Lạn', 6),
(3642, 'Đông Hương', 6),
(3643, 'Thạnh Tân', 6),
(3644, 'Cư Prông', 6),
(3645, 'Hưng Châu', 6),
(3646, 'Nhị Hà', 6),
(3647, 'Dân Chủ', 6),
(3648, 'Song Lãng', 6),
(3649, 'Thạnh Tây', 6),
(3650, 'Cẩm Thanh', 6),
(3651, 'Nhà Bè', 6),
(3652, 'Nậm Pung', 6),
(3653, 'Nhã Lộng', 6),
(3654, 'Ba Khan', 6),
(3655, 'Hoà Hiệp Trung', 6),
(3656, 'Núi Tượng', 6),
(3657, 'Ba Ngòi', 6),
(3658, 'Chiềng Muôn', 6),
(3659, 'Vĩnh Khê', 6),
(3660, 'Ea Kpam', 6),
(3661, 'Kỳ Trinh', 6),
(3662, 'Hoà Vinh', 6),
(3663, 'Bình Đa', 6),
(3664, 'Suối Cát', 6),
(3665, 'Đức Thọ', 6),
(3666, 'Lạc Tánh', 6),
(3667, 'Đồng Du', 6),
(3668, 'Cốc Pàng', 6),
(3669, 'Tam Đại', 6),
(3670, 'Kỳ Lạc', 6),
(3671, 'Bình Ninh', 6),
(3672, 'Nghĩa Thành', 6),
(3673, 'Bồng Lai', 6),
(3674, 'Bình Định Bắc', 6),
(3675, 'Thới Thuận', 6),
(3676, 'Xuân Lâm', 6),
(3677, 'Đà Sơn', 6),
(3678, 'Nhã Nam', 6),
(3679, 'Thạch Hoà', 6),
(3680, 'Gio Bình', 6),
(3681, 'Nham Sơn', 6),
(3682, 'Võ Lao', 6),
(3683, 'Lương Sơn', 6),
(3684, 'Tràng Phái', 6),
(3685, 'Tự Nhiên', 6),
(3686, 'Kỳ Nam', 6),
(3687, 'Nt Liên Sơn', 6),
(3688, 'Lai Uyên', 6),
(3689, 'Sử Pán', 6),
(3690, 'Cẩm Hà', 6),
(3691, 'Mà Cooi', 6),
(3692, 'Gia Hiệp', 6),
(3693, 'Tế Lợi', 6),
(3694, 'Hàng Bạc', 6),
(3695, 'Tổng Cọt', 6),
(3696, 'Ích Hậu', 6),
(3697, 'Cư Bông', 6),
(3698, 'Lương Mông', 6),
(3699, 'Phúc Thành', 6),
(3700, 'Ninh Hoà', 6),
(3701, 'Ia Tiêm', 6),
(3702, 'Mường Lầm', 6),
(3703, 'Phù Ủng', 6),
(3704, 'Ngọc Hiệp', 6),
(3705, 'Bình Hiên', 6),
(3706, 'Tú Thịnh', 6),
(3707, 'Đắk Man', 6),
(3708, 'Sơn Lễ', 6),
(3709, 'Sơn Lộ', 6),
(3710, 'Cẩm Lương', 6),
(3711, 'Xuân Quang 2', 6),
(3712, 'Xuân Quang 1', 6),
(3713, 'Hương Phong', 6),
(3714, 'Yên Hồng', 6),
(3715, 'Xương Thịnh', 6),
(3716, 'Bình Trị Đông', 6),
(3717, 'Mường So', 6),
(3718, 'Đằng Hải', 6),
(3719, 'Nhuận Phú Tân', 6),
(3720, 'Thiện Phiến', 6),
(3721, 'Cư Kty', 6),
(3722, 'Phúc Xuân', 6),
(3723, 'Thông Bình', 6),
(3724, 'Kỳ Phú', 6),
(3725, 'Đông Trà', 6),
(3726, 'Lạng Phong', 6),
(3727, 'Nhị Long', 6),
(3728, 'Đức Thanh', 6),
(3729, 'Minh Long', 6),
(3730, 'Bình Điền', 6),
(3731, 'Quy Đức', 6),
(3732, 'Yên Tâm', 6),
(3733, 'Yên Tân', 6),
(3734, 'Nhất Hoà', 6),
(3735, 'Thuận Nghĩa Hoà', 6),
(3736, 'Thuỵ An', 6),
(3737, 'Đại Hùng', 6),
(3738, 'Huy Giáp', 6),
(3739, 'Cảnh Tiên', 6),
(3740, 'Mường Báng', 6),
(3741, 'Trí Nang', 6),
(3742, 'Cao Thắng', 6),
(3743, 'Kim Đức', 6),
(3744, 'Nậm Xé', 6),
(3745, 'Lợi Bác', 6),
(3746, 'Trực Nội', 6),
(3747, 'Phương Bình', 6),
(3748, 'Minh Nông', 6),
(3749, 'Long Điền Đông', 6),
(3750, 'Xuân Hiệp', 6),
(3751, 'Hoàng Tây', 6),
(3752, 'Xuân Nha', 6),
(3753, 'Phước Cát 1', 6),
(3754, 'Hoàng Tân', 6),
(3755, 'Phước Cát 2', 6),
(3756, 'Thạch Khoán', 6),
(3757, 'Hiệp Tân', 6),
(3758, 'Ca Đình', 6),
(3759, 'Pá Khoang', 6),
(3760, 'Liên Sơn', 6),
(3761, 'Đắk Nia', 6),
(3762, 'An Thới Đông', 6),
(3763, 'Thới Hoà', 6),
(3764, 'Bảo Khê', 6),
(3765, 'Yang Tao', 6),
(3766, 'Xuân Thọ 2', 6),
(3767, 'An Khê', 6),
(3768, 'Xuân Thọ 1', 6),
(3769, 'Nậm Xe', 6),
(3770, 'Lương Hạ', 6),
(3771, 'Diễn Phú', 6),
(3772, 'Bình Hoà Trung', 6),
(3773, 'Thắng Cương', 6),
(3774, 'Ea Uy', 6),
(3775, 'Thiện Trí', 6),
(3776, 'Nậm Càn', 6),
(3777, 'Mỹ Long', 6),
(3778, 'Cao Mã Pờ', 6),
(3779, 'Thái An', 6),
(3780, 'Yên Hoá', 6),
(3781, 'Yên Hoà', 6),
(3782, 'Phó Bảng', 6),
(3783, 'Ngọc Trung', 6),
(3784, 'Ngô Quyền', 6),
(3785, 'Bảo Bình', 6),
(3786, 'Hiền Hào', 6),
(3787, 'Cần Giuộc', 6),
(3788, 'Trạm Tấu', 6),
(3789, 'Mỹ Cát', 6),
(3790, 'Chiềng Sại', 6),
(3791, 'Xuân Bái', 6),
(3792, 'Nam Trung', 6),
(3793, 'Lạc Hồng', 6),
(3794, 'Thọ Trường', 6),
(3795, 'Hà Ninh', 6),
(3796, 'Trà Nóc', 6),
(3797, 'Làng Giàng', 6),
(3798, 'Khánh Sơn', 6),
(3799, 'Khánh Thạnh Tân', 6),
(3800, 'Thuận Điền', 6),
(3801, 'Yên Hoa', 6),
(3802, 'Sơn Lĩnh', 6),
(3803, 'Chiềng Cang', 6),
(3804, 'Dak Lua', 6),
(3805, 'Dưỡng Điềm', 6),
(3806, 'Thạch Giám', 6),
(3807, 'Khánh Xuân', 6),
(3808, 'Lộc Trì', 6),
(3809, 'Ân Đức', 6),
(3810, 'Thanh An', 6),
(3811, 'Lê Chánh', 6),
(3812, 'Hồng Dương', 6),
(3813, 'Phước Quang', 6),
(3814, 'Quy Đạt', 6),
(3815, 'Vinh Mỹ', 6),
(3816, 'Xuân Phúc', 6),
(3817, 'Hoàng Động', 6),
(3818, 'Phong Thạnh A', 6),
(3819, 'Yến Lạc', 6),
(3820, 'Trùng Khánh', 6),
(3821, 'Mai Đình', 6),
(3822, 'Phước Long', 6),
(3823, 'Trảng Bom', 6),
(3824, 'Đông Sơn', 6),
(3825, 'Nong U', 6),
(3826, 'Long Điền A', 6),
(3827, 'Long Điền B', 6),
(3828, 'Na Cô Sa', 6),
(3829, 'Ninh Dân', 6),
(3830, 'Lam Hà', 6),
(3831, 'Đông Thanh', 6),
(3832, 'Nà Phặc', 6),
(3833, 'Lệ Mỹ', 6),
(3834, 'Sùng Phài', 6),
(3835, 'Trung Minh', 6),
(3836, 'Húc Động', 6),
(3837, 'Khuôn Lùng', 6),
(3838, 'Xuân Lai', 6),
(3839, 'Xuân Lao', 6),
(3840, 'Xuân Lam', 6),
(3841, 'Trực Thuận', 6),
(3842, 'Cải Viên', 6),
(3843, 'Phượng Kỳ', 6),
(3844, 'Cao Thịnh', 6),
(3845, 'Lộc Thắng', 6),
(3846, 'Phong An', 6),
(3847, 'Nghi Công Bắc', 6),
(3848, 'Đỗ Động', 6),
(3849, 'Ma Li Chải', 6),
(3850, 'Vũ Thư', 6),
(3851, 'Minh Bảo', 6),
(3852, 'Nguyên Bình', 6),
(3853, 'Nghĩa Yên', 6),
(3854, 'Thành Lộc', 6),
(3855, 'Việt Lập', 6),
(3856, 'Huyền Tụng', 6),
(3857, 'Tứ Hiệp', 6),
(3858, 'Thứ Ba', 6),
(3859, 'Vạn Hưng', 6),
(3860, 'Yên Nguyên', 6),
(3861, 'Lam Điền', 6),
(3862, 'Quang Phục', 6),
(3863, 'Lâm Phú', 6),
(3864, 'Tiền Châu', 6),
(3865, 'Bình Đức', 6),
(3866, 'Cầu Bà', 6),
(3867, 'Lương Tâm', 6),
(3868, 'Sập Xa', 6),
(3869, 'Điền Hải', 6),
(3870, 'Kim Quan', 6),
(3871, 'Tân Hội', 6),
(3872, 'Cù Bị', 6),
(3873, 'Long Hưng', 6),
(3874, 'Sơn Mùa', 6),
(3875, 'Mỹ Châu', 6),
(3876, 'An Bình B', 6),
(3877, 'Ngọc Vừng', 6),
(3878, 'An Bình A', 6),
(3879, 'Thắng Thuỷ', 6),
(3880, 'Nam Thái Sơn', 6),
(3881, 'Hành Trung', 6),
(3882, 'Chiềng Ngàm', 6),
(3883, 'An Ninh Tây', 6),
(3884, 'Đắk Sắk', 6),
(3885, 'Ninh Phước', 6),
(3886, 'Quỳnh Vinh', 6),
(3887, 'Púng Luông', 6),
(3888, 'Thuận Thành', 6),
(3889, 'Nga My', 6),
(3890, 'Phú Lý', 6),
(3891, 'Long Định', 6),
(3892, 'Thừa Đức', 6),
(3893, 'Duy Minh', 6),
(3894, 'Mông Hoá', 6),
(3895, 'Hải Ninh', 6),
(3896, 'Hải Tiến', 6),
(3897, 'Đăk Hlơ', 6),
(3898, 'Hoằng Phụ', 6),
(3899, 'Hà Lĩnh', 6),
(3900, 'Ngok Réo', 6),
(3901, 'Minh Diệu', 6),
(3902, 'Quất Lâm', 6),
(3903, 'Huy Thượng', 6),
(3904, 'Xuân Thiện', 6),
(3905, 'Phú Vĩnh', 6),
(3906, 'Điện Minh', 6),
(3907, 'Cẩm Hưng', 6),
(3908, 'Trí Yên', 6),
(3909, 'Mai Hạ', 6),
(3910, 'Tân Biên', 6),
(3911, 'Thuỵ Phú', 6),
(3912, 'Bắc Lãng', 6),
(3913, 'Hoàng Thu Phố', 6),
(3914, 'Nậm Nhoóng', 6),
(3915, 'Hiệp Thành', 6),
(3916, 'Phú La', 6),
(3917, 'Nhật Tiến', 6),
(3918, 'Ninh Quới', 6),
(3919, 'Lợi Thuận', 6),
(3920, 'Bình Tân', 6),
(3921, 'Bình Tâm', 6),
(3922, 'Triệu Giang', 6),
(3923, 'Tân Linh', 6),
(3924, 'Bình Bộ', 6),
(3925, 'Quế Lâm', 6),
(3926, 'Bình La', 6),
(3927, 'Tạ An Khương', 6),
(3928, 'Quảng Minh', 6),
(3929, 'Đông Vinh', 6),
(3930, 'Gia Tường', 6),
(3931, 'Chư Prông', 6),
(3932, 'Mường Mô', 6),
(3933, 'Tả Thanh Oai', 6),
(3934, 'Bến Cầu', 6),
(3935, 'Tĩnh Gia', 6),
(3936, 'An Vinh', 6),
(3937, 'Bình Lư', 6),
(3938, 'An Trường A', 6),
(3939, 'Tuy Lai', 6),
(3940, 'Đức Hợp', 6),
(3941, 'Đình Chu', 6);
INSERT INTO `entity_samples` (`id`, `content`, `entity_id`) VALUES
(3942, 'Sơn Thái', 6),
(3943, 'Đồng Tháp', 6),
(3944, 'Rạch Gốc', 6),
(3945, 'Điện Phương', 6),
(3946, 'Mỹ Thạnh Bắc', 6),
(3947, 'Thiệu Khánh', 6),
(3948, 'Mỹ An Hưng A', 6),
(3949, 'Mỹ An Hưng B', 6),
(3950, 'Nghĩa Lộ', 6),
(3951, 'Kỳ Sơn', 6),
(3952, 'Bãi Thơm', 6),
(3953, 'Tân Lĩnh', 6),
(3954, 'Bình Đại', 6),
(3955, 'Mương Tranh', 6),
(3956, 'Nàn Xín', 6),
(3957, 'Thiên Lộc', 6),
(3958, 'Hàm Mỹ', 6),
(3959, 'Tiến Xuân', 6),
(3960, 'Phổ An', 6),
(3961, 'Cự Thắng', 6),
(3962, 'Nghĩa Đô', 6),
(3963, 'Phúc Diễn', 6),
(3964, 'Lại Thượng', 6),
(3965, 'Kim Loan', 6),
(3966, 'Phổ Vinh', 6),
(3967, 'Hướng Thọ Phú', 6),
(3968, 'Al Bá', 6),
(3969, 'Quỳnh Giang', 6),
(3970, 'Bình Phúc', 6),
(3971, 'Máy Tơ', 6),
(3972, 'Đình Lập', 6),
(3973, 'Yang Bắc', 6),
(3974, 'Đạ Ploa', 6),
(3975, 'Mễ Sở', 6),
(3976, 'Châu Khê', 6),
(3977, 'Yên Thường', 6),
(3978, 'Tam Đồng', 6),
(3979, 'Hưng Hoà', 6),
(3980, 'Hưng Hoá', 6),
(3981, 'Lương Nghĩa', 6),
(3982, 'A Bung', 6),
(3983, 'Gia Thuỵ', 6),
(3984, 'Gia Thuỷ', 6),
(3985, 'Ba Nam', 6),
(3986, 'Nhơn Hưng', 6),
(3987, 'Dương Liễu', 6),
(3988, 'Thường Tín', 6),
(3989, 'Dương Huy', 6),
(3990, 'Mỹ Thọ', 6),
(3991, 'Minh Thắng', 6),
(3992, 'Ninh Hiệp', 6),
(3993, 'Thạnh Hội', 6),
(3994, 'Sơn Thuỷ', 6),
(3995, 'Liêm Chính', 6),
(3996, 'Tây Hoà', 6),
(3997, 'Suối Giàng', 6),
(3998, 'Tuấn Hưng', 6),
(3999, 'Bình Kiến', 6),
(4000, 'Ia Kreng', 6),
(4001, 'Triệu Thành', 6),
(4002, 'Quỳnh Thuận', 6),
(4003, 'Vân Phú', 6),
(4004, 'Phùng Minh', 6),
(4005, 'Tân Phước Khánh', 6),
(4006, 'Bàu Đồn', 6),
(4007, 'Khun Há', 6),
(4008, 'Sông Trà', 6),
(4009, 'Đào Viên', 6),
(4010, 'Sông Trí', 6),
(4011, 'Cam Phước Tây', 6),
(4012, 'Hoà Quang Bắc', 6),
(4013, 'Song Lộc', 6),
(4014, 'Việt Lâm', 6),
(4015, 'Minh Trí', 6),
(4016, 'Trúc Bạch', 6),
(4017, 'Vĩnh An', 6),
(4018, 'Lộc Châu', 6),
(4019, 'Hải Quy', 6),
(4020, 'Nhơn Ái', 6),
(4021, 'Chiềng Ken', 6),
(4022, 'Ninh Đông', 6),
(4023, 'Cư A Mung', 6),
(4024, 'Sơn Tinh', 6),
(4025, 'Bảo Yên', 6),
(4026, 'Quế Phong', 6),
(4027, 'Pi Toong', 6),
(4028, 'Lũng Thầu', 6),
(4029, 'Hội Sơn', 6),
(4030, 'Hiếu Thuận', 6),
(4031, 'Túc Trưng', 6),
(4032, 'Cẩm Long', 6),
(4033, 'Long Trị', 6),
(4034, 'Quảng Lộc', 6),
(4035, 'Khau Tinh', 6),
(4036, 'Hoà Trung', 6),
(4037, 'Đức Long', 6),
(4038, 'Nhôn Mai', 6),
(4039, 'Lũng Nặm', 6),
(4040, 'Bắc Sơn', 6),
(4041, 'Thanh Luông', 6),
(4042, 'Nghi Yên', 6),
(4043, 'Cam Bình', 6),
(4044, 'Tiên Thành', 6),
(4045, 'Sơn Công', 6),
(4046, 'Tân Lộc Bắc', 6),
(4047, 'Thượng Bình', 6),
(4048, 'Tân Quý Tây', 6),
(4049, 'Vĩnh Chấp', 6),
(4050, 'Phúc La', 6),
(4051, 'Bắc Hà', 6),
(4052, 'Báo Đáp', 6),
(4053, 'Mỹ Xuyên', 6),
(4054, 'Chiềng Sơn', 6),
(4055, 'Quảng Nguyên', 6),
(4056, 'Hoằng Ngọc', 6),
(4057, 'Thanh Vinh', 6),
(4058, 'Phú Trạch', 6),
(4059, 'Hương Sơn', 6),
(4060, 'Lùng Tám', 6),
(4061, 'Đan Hà', 6),
(4062, 'Nghĩa Hiệp', 6),
(4063, 'Nam Phước', 6),
(4064, 'Nam Tiến', 6),
(4065, 'Ea H\'Đinh', 6),
(4066, 'Huồi Tụ', 6),
(4067, 'Cẩm Nam', 6),
(4068, 'Phù Lưu Tế', 6),
(4069, 'Phù Mỹ', 6),
(4070, 'Trấn Ninh', 6),
(4071, 'Hội Hợp', 6),
(4072, 'Cẩm Tâm', 6),
(4073, 'Cẩm Tân', 6),
(4074, 'Đạ Rsal', 6),
(4075, 'Quế Thuận', 6),
(4076, 'Trạch Mỹ Lộc', 6),
(4077, 'Cẩm Tây', 6),
(4078, 'Cẩm Đàn', 6),
(4079, 'Phước Kháng', 6),
(4080, 'Phước Khánh', 6),
(4081, 'An Thạnh Thuỷ', 6),
(4082, 'Hùng Thành', 6),
(4083, 'Mường Trai', 6),
(4084, 'Phong Thạnh Tây B', 6),
(4085, 'Phong Thạnh Tây A', 6),
(4086, 'Bản Thi', 6),
(4087, 'Hội An', 6),
(4088, 'Thuận Quí', 6),
(4089, 'Long Hậu', 6),
(4090, 'Di Lăng', 6),
(4091, 'Ia Rmok', 6),
(4092, 'Khánh Vân', 6),
(4093, 'Tự Lập', 6),
(4094, 'Củng Sơn', 6),
(4095, 'Đê Ar', 6),
(4096, 'An Bài', 6),
(4097, 'Tam Hải', 6),
(4098, 'Lương Nha', 6),
(4099, 'Cốc Lếu', 6),
(4100, 'Tây Tựu', 6),
(4101, 'Ba Xa', 6),
(4102, 'Hoà Khánh', 6),
(4103, 'Ngọc Lĩnh', 6),
(4104, 'Vĩnh Thanh Vân', 6),
(4105, 'Cổ Bi', 6),
(4106, 'Trưng Vương', 6),
(4107, 'Thạnh Hoá', 6),
(4108, 'Thạnh Hoà', 6),
(4109, 'Kỳ Hưng', 6),
(4110, 'Nam Cát', 6),
(4111, 'Phi Liêng', 6),
(4112, 'Lâm Giang', 6),
(4113, 'Thiệu Thịnh', 6),
(4114, 'Krong', 6),
(4115, 'Bản Qua', 6),
(4116, 'Cây Thị', 6),
(4117, 'Dị Nậu', 6),
(4118, 'Xuân Hoá', 6),
(4119, 'Chí Cà', 6),
(4120, 'Đông Tân', 6),
(4121, 'Ngọk Tụ', 6),
(4122, 'Sơn Xuân', 6),
(4123, 'Tùng Lâm', 6),
(4124, 'Nghĩa Hợp', 6),
(4125, 'Phước Đông', 6),
(4126, 'Ia Broăi', 6),
(4127, 'Hồng Thái Đông', 6),
(4128, 'A Vương', 6),
(4129, 'Điện Phong', 6),
(4130, 'Đắk Som', 6),
(4131, 'Ia Lốp', 6),
(4132, 'Vĩnh Hựu', 6),
(4133, 'Plei Cần', 6),
(4134, 'Mỹ Thạnh Đông', 6),
(4135, 'N\'Thol Hạ', 6),
(4136, 'Diên Bình', 6),
(4137, 'Châu Lăng', 6),
(4138, 'An Ngãi Tây', 6),
(4139, 'Nga Vịnh', 6),
(4140, 'Tân Ninh', 6),
(4141, 'Thiệu Hợp', 6),
(4142, 'Hai Riêng', 6),
(4143, 'Lương Lỗ', 6),
(4144, 'Hải Xuân', 6),
(4145, 'Châu Can', 6),
(4146, 'Vĩnh Bảo', 6),
(4147, 'Nậm Hăn', 6),
(4148, 'Thanh Lâm', 6),
(4149, 'Thanh Lân', 6),
(4150, 'Sín Thầu', 6),
(4151, 'Ngọc Tảo', 6),
(4152, 'Thiệu Vũ', 6),
(4153, 'Toàn Thắng', 6),
(4154, 'Phổ Phong', 6),
(4155, 'Nam Phúc', 6),
(4156, 'Tam Lư', 6),
(4157, 'Phan Hiệp', 6),
(4158, 'Thường Thới Hậu B', 6),
(4159, 'Thường Thới Hậu A', 6),
(4160, 'Chàng Sơn', 6),
(4161, 'Thuận Minh', 6),
(4162, 'Bình Khương', 6),
(4163, 'Khe Mo', 6),
(4164, 'Vĩnh Viễn A', 6),
(4165, 'Phạm Kha', 6),
(4166, 'Xuân Bắc', 6),
(4167, 'Sông Hinh', 6),
(4168, 'Hồng Hải', 6),
(4169, 'Quất Động', 6),
(4170, 'Phìn Hồ', 6),
(4171, 'Sơn Ba', 6),
(4172, 'Xuân Chinh', 6),
(4173, 'Nguyên Giáp', 6),
(4174, 'Quân Bình', 6),
(4175, 'Khám Lạng', 6),
(4176, 'Tân Hưng', 6),
(4177, 'Tân Lý Tây', 6),
(4178, 'Nhơn Châu', 6),
(4179, 'Kim Ngọc', 6),
(4180, 'Vĩnh Thái', 6),
(4181, 'Hoà Bắc', 6),
(4182, 'An Thanh', 6),
(4183, 'Trường Thuỷ', 6),
(4184, 'Động Đạt', 6),
(4185, 'Luân Giới', 6),
(4186, 'Bùi Xá', 6),
(4187, 'Ia Kha', 6),
(4188, 'Diễn Quảng', 6),
(4189, 'Phước Lợi', 6),
(4190, 'Đăk Tơ Ver', 6),
(4191, 'Cẩm Ngọc', 6),
(4192, 'Cẩm Vân', 6),
(4193, 'Lê Lai', 6),
(4194, 'Minh Tân', 6),
(4195, 'Minh Tâm', 6),
(4196, 'Triệu Tài', 6),
(4197, 'Thới An', 6),
(4198, 'Vân Hội', 6),
(4199, 'Ia Blang', 6),
(4200, 'Hợp Thắng', 6),
(4201, 'Đỗ Sơn', 6),
(4202, 'Lũng Hồ', 6),
(4203, 'Phước Vĩnh', 6),
(4204, 'Phú Hậu', 6),
(4205, 'Cam Tân', 6),
(4206, 'Long Thuận', 6),
(4207, 'Vân Dương', 6),
(4208, 'Bạch Long', 6),
(4209, 'Phú Nghĩa', 6),
(4210, 'Cao Đức', 6),
(4211, 'Lơ Pang', 6),
(4212, 'Sủ Ngòi', 6),
(4213, 'Rô Men', 6),
(4214, 'Cái Đôi Vàm', 6),
(4215, 'Cao Chương', 6),
(4216, 'Mường Thanh', 6),
(4217, 'Bình Ngọc', 6),
(4218, 'Đức Trạch', 6),
(4219, 'Hoằng Thắng', 6),
(4220, 'Hải Phúc', 6),
(4221, 'Duy Nghĩa', 6),
(4222, 'Hiệp Cường', 6),
(4223, 'Tam Trà', 6),
(4224, 'Sơn Phong', 6),
(4225, 'Suối Quyền', 6),
(4226, 'Vô Điếm', 6),
(4227, 'Hồng Sĩ', 6),
(4228, 'Tam Thanh', 6),
(4229, 'Hưng Lợi', 6),
(4230, 'Vân Xuân', 6),
(4231, 'Trần Đề', 6),
(4232, 'Vĩnh Thuận Tây', 6),
(4233, 'Hợp Hải', 6),
(4234, 'Ia Pia', 6),
(4235, 'Phan Thiết', 6),
(4236, 'Phương Lâm', 6),
(4237, 'Đông Mai', 6),
(4238, 'Tam Đa', 6),
(4239, 'Định Môn', 6),
(4240, 'Hoài Thượng', 6),
(4241, 'Đông Cường', 6),
(4242, 'Quách Phẩm Bắc', 6),
(4243, 'Đại Đức', 6),
(4244, 'Bàng La', 6),
(4245, 'Chế Là', 6),
(4246, 'Gia Lâm', 6),
(4247, 'Diễn Thành', 6),
(4248, 'Hoằng Quỳ', 6),
(4249, 'Vĩnh Phúc', 6),
(4250, 'Quỳnh Ngọc', 6),
(4251, 'Hưng Thông', 6),
(4252, 'Thèn Sin', 6),
(4253, 'Tài Văn', 6),
(4254, 'Đắk Drô', 6),
(4255, 'Nguyên Hoà', 6),
(4256, 'Tây Giang', 6),
(4257, 'Dậu Dương', 6),
(4258, 'Trung Bình', 6),
(4259, 'Khánh Nhạc', 6),
(4260, 'Nậm Cần', 6),
(4261, 'Diễn Phúc', 6),
(4262, 'Ea Tu', 6),
(4263, 'Vệ An', 6),
(4264, 'Đồng Cam', 6),
(4265, 'Phú Tân', 6),
(4266, 'Phú Tâm', 6),
(4267, 'Bảo Quang', 6),
(4268, 'Đông Dư', 6),
(4269, 'Mường Tuổng', 6),
(4270, 'Hòn Đất', 6),
(4271, 'Cam An Nam', 6),
(4272, 'Nam Dương', 6),
(4273, 'Quốc Dân', 6),
(4274, 'Trấn Dương', 6),
(4275, 'Thanh Châu', 6),
(4276, 'Long Xuyên', 6),
(4277, 'Quỳnh Côi', 6),
(4278, 'Phượng Mao', 6),
(4279, 'Đức Hoà', 6),
(4280, 'Vĩnh Tuy', 6),
(4281, 'Đông Á', 6),
(4282, 'Ninh Loan', 6),
(4283, 'Bàn Long', 6),
(4284, 'Trường Long A', 6),
(4285, 'Thạch Văn', 6),
(4286, 'Quang Hán', 6),
(4287, 'Hua Nà', 6),
(4288, 'Sơn Nguyên', 6),
(4289, 'Phong Mỹ', 6),
(4290, 'Ia Phìn', 6),
(4291, 'Diên Phú', 6),
(4292, 'Đại Phạm', 6),
(4293, 'Vĩnh Thành', 6),
(4294, 'Hàm Tử', 6),
(4295, 'Kinh Cùng', 6),
(4296, 'Nt Lệ Ninh', 6),
(4297, 'Minh Phú', 6),
(4298, 'Hướng Hiệp', 6),
(4299, 'Thủ Thừa', 6),
(4300, 'A Vao', 6),
(4301, 'Thuần Lộc', 6),
(4302, 'Vĩnh Thọ', 6),
(4303, 'Châu Thái', 6),
(4304, 'Hùng Long', 6),
(4305, 'Chiềng Ve', 6),
(4306, 'Minh Cường', 6),
(4307, 'Cai Bộ', 6),
(4308, 'Tam Bố', 6),
(4309, 'Suối Nghệ', 6),
(4310, 'Thượng Cửu', 6),
(4311, 'Cao Đại', 6),
(4312, 'Mỏ Cày', 6),
(4313, 'Kim Định', 6),
(4314, 'Quỳnh Long', 6),
(4315, 'Vị Đông', 6),
(4316, 'Long Toàn', 6),
(4317, 'Mậu Long', 6),
(4318, 'Diễn Tân', 6),
(4319, 'Chư Răng', 6),
(4320, 'Ngã Tư Sở', 6),
(4321, 'Sơn Bằng', 6),
(4322, 'Pờ Tó', 6),
(4323, 'Cồn Thoi', 6),
(4324, 'Vang Quới Đông', 6),
(4325, 'Chà Cang', 6),
(4326, 'Xuân Canh', 6),
(4327, 'Thuỵ Tân', 6),
(4328, 'Thạch Lưu', 6),
(4329, 'Hẹ Muông', 6),
(4330, 'Tảo Dương Văn', 6),
(4331, 'Vĩnh Ô', 6),
(4332, 'Vinh Giang', 6),
(4333, 'Ninh Thạnh Lợi A', 6),
(4334, 'Krông Búk', 6),
(4335, 'Mù Sang', 6),
(4336, 'Đại Hiệp', 6),
(4337, 'Thạch Tượng', 6),
(4338, 'Đường Thượng', 6),
(4339, 'Gò Quao', 6),
(4340, 'Bản Nhùng', 6),
(4341, 'Tằng Loỏng', 6),
(4342, 'Trung Văn', 6),
(4343, 'Châu Cường', 6),
(4344, 'Phương Thịnh', 6),
(4345, 'Thanh Điền', 6),
(4346, 'Cổ Đô', 6),
(4347, 'Quảng Công', 6),
(4348, 'Nghĩa Điền', 6),
(4349, 'Long Mỹ', 6),
(4350, 'Mỹ Đức', 6),
(4351, 'Đoàn Kết', 6),
(4352, 'Mỹ Lệ', 6),
(4353, 'Cà Lúi', 6),
(4354, 'Nam Đàn', 6),
(4355, 'Phổ Châu', 6),
(4356, 'Tân An Thạnh', 6),
(4357, 'Phong Hiền', 6),
(4358, 'Lê Ninh', 6),
(4359, 'Bảy Ngàn', 6),
(4360, 'Hoằng Quý', 6),
(4361, 'Bắc Hoà', 6),
(4362, 'Long Hưng A', 6),
(4363, 'Long Hưng B', 6),
(4364, 'Liên Hoa', 6),
(4365, 'Phước Thành', 6),
(4366, 'Chư Đăng Ya', 6),
(4367, 'Đức Bình Đông', 6),
(4368, 'Hữu Hoà', 6),
(4369, 'Sông Mã', 6),
(4370, 'Nặm Lịch', 6),
(4371, 'Bắc Nghĩa', 6),
(4372, 'Cái Khế', 6),
(4373, 'Thanh Xuân Trung', 6),
(4374, 'Chí Đám', 6),
(4375, 'Bình Thạnh Trung', 6),
(4376, 'Cát Trinh', 6),
(4377, 'Yên Lợi', 6),
(4378, 'Diên Lâm', 6),
(4379, 'Tân Thịnh', 6),
(4380, 'Ninh Phụng', 6),
(4381, 'Phúc Thắng', 6),
(4382, 'Uar', 6),
(4383, 'Cán Cấu', 6),
(4384, 'Huy Tân', 6),
(4385, 'Ngọc Côn', 6),
(4386, 'Gia Khánh', 6),
(4387, 'Bản Ngò', 6),
(4388, 'Đồng Loan', 6),
(4389, 'Lộc An', 6),
(4390, 'Tiên Thanh', 6),
(4391, 'Quan Lạn', 6),
(4392, 'Quỳnh Lộc', 6),
(4393, 'Liên Hoà', 6),
(4394, 'Tân Thới Nhì', 6),
(4395, 'Nghĩa Phương', 6),
(4396, 'Hương Vân', 6),
(4397, 'Hồng Định', 6),
(4398, 'Trung Trạch', 6),
(4399, 'Bình Phước', 6),
(4400, 'Vĩnh Xá', 6),
(4401, 'Vân Sơn', 6),
(4402, 'Định Tiến', 6),
(4403, 'Vĩnh Phước', 6),
(4404, 'Thái Sơn', 6),
(4405, 'Hưng Lộc', 6),
(4406, 'Nhị Thành', 6),
(4407, 'Phong Khê', 6),
(4408, 'Thanh Khương', 6),
(4409, 'Láng Tròn', 6),
(4410, 'Triệu Vân', 6),
(4411, 'Láng Biển', 6),
(4412, 'Lạc Quới', 6),
(4413, 'Bành Trạch', 6),
(4414, 'Hiếu Trung', 6),
(4415, 'Trần Cao', 6),
(4416, 'Trương Vương', 6),
(4417, 'Nghĩa Tiến', 6),
(4418, 'Duy Tân', 6),
(4419, 'Ea Phê', 6),
(4420, 'Kim Phượng', 6),
(4421, 'Vĩnh Phú Tây', 6),
(4422, 'Dồm Cang', 6),
(4423, 'Nậm Đét', 6),
(4424, 'Hàng Gòn', 6),
(4425, 'Lộc Quảng', 6),
(4426, 'Toàn Sơn', 6),
(4427, 'Khánh Yên Hạ', 6),
(4428, 'Bảo Toàn', 6),
(4429, 'Trương Lương', 6),
(4430, 'Sủng Máng', 6),
(4431, 'Rạng Đông', 6),
(4432, 'Phú Ninh', 6),
(4433, 'Chiềng Sinh', 6),
(4434, 'Điện Thọ', 6),
(4435, 'Mỹ Thắng', 6),
(4436, 'Nam Thanh', 6),
(4437, 'Dần Thàng', 6),
(4438, 'Hà Tây', 6),
(4439, 'Vĩnh Bình Nam', 6),
(4440, 'Bản Hồ', 6),
(4441, 'Hà Tân', 6),
(4442, 'Nghi Tiến', 6),
(4443, 'Sủng Trái', 6),
(4444, 'Tây Sơn', 6),
(4445, 'Thèn Chu Phìn', 6),
(4446, 'Phước Chiến', 6),
(4447, 'Đông Hội', 6),
(4448, 'Thiệu Ngọc', 6),
(4449, 'Hạnh Phúc', 6),
(4450, 'Hải Anh', 6),
(4451, 'Xuân Đường', 6),
(4452, 'Nhạn Môn', 6),
(4453, 'Ba Chúc', 6),
(4454, 'Gio Hoà', 6),
(4455, 'Lộc Ninh', 6),
(4456, 'Hoằng Xuyên', 6),
(4457, 'Xà Phiên', 6),
(4458, 'Phương Chiểu', 6),
(4459, 'Mạn Lạn', 6),
(4460, 'Huổi Luông', 6),
(4461, 'Phong Minh', 6),
(4462, 'Mỹ Tân', 6),
(4463, 'Liên Mạc', 6),
(4464, 'Kỳ Văn', 6),
(4465, 'Trần Nguyên Hãn', 6),
(4466, 'Hồ Sơn', 6),
(4467, 'Mỹ Lý', 6),
(4468, 'Phước Long Thọ', 6),
(4469, 'Chiến Phố', 6),
(4470, 'Hưng Phước', 6),
(4471, 'Cam Hải Tây', 6),
(4472, 'Ngọk Lây', 6),
(4473, 'Huổi Mí', 6),
(4474, 'Ngòi A', 6),
(4475, 'Trưng Nhị', 6),
(4476, 'Châu Thới', 6),
(4477, 'Lang Môn', 6),
(4478, 'Hòn Tre', 6),
(4479, 'Trung Chải', 6),
(4480, 'Bách Thuận', 6),
(4481, 'Thị Cầu', 6),
(4482, 'Chuế Lưu', 6),
(4483, 'Trang Hạ', 6),
(4484, 'Thanh Xá', 6),
(4485, 'Đất Cuốc', 6),
(4486, 'Kim Trung', 6),
(4487, 'Lộc Thịnh', 6),
(4488, 'Minh Khai', 6),
(4489, 'Định Thành', 6),
(4490, 'Thành Lập', 6),
(4491, 'Cảnh Hoá', 6),
(4492, 'Hương Vĩ', 6),
(4493, 'Trúc Sơn', 6),
(4494, 'Đức Liên', 6),
(4495, 'Ea Rốk', 6),
(4496, 'Chợ Rã', 6),
(4497, 'Cẩm Đình', 6),
(4498, 'Phúc Lai', 6),
(4499, 'Cầu Ông Lãnh', 6),
(4500, 'Ngãi Tứ', 6),
(4501, 'Trung Mỹ Tây', 6),
(4502, 'Phù Lãng', 6),
(4503, 'Đắk Hring', 6),
(4504, 'Phước Chánh', 6),
(4505, 'Thất Khê', 6),
(4506, 'Đại Trạch', 6),
(4507, 'Tiên Hoàng', 6),
(4508, 'Chơ Long', 6),
(4509, 'An Hiệp', 6),
(4510, 'Lâm Sa', 6),
(4511, 'Hà Thượng', 6),
(4512, 'Hoà Thịnh', 6),
(4513, 'Ngọc Lý', 6),
(4514, 'Bản Phiệt', 6),
(4515, 'Hua La', 6),
(4516, 'Tầm Xá', 6),
(4517, 'Ngọc Hải', 6),
(4518, 'Trịnh Xá', 6),
(4519, 'Việt Thắng', 6),
(4520, 'Phong Quang', 6),
(4521, 'Phú Thái', 6),
(4522, 'Mậu Lâm', 6),
(4523, 'Phú Tài', 6),
(4524, 'Hoài Hải', 6),
(4525, 'Hoài Hảo', 6),
(4526, 'Ngọc Chiến', 6),
(4527, 'Tân Sơn Nhì', 6),
(4528, 'Vũ Muộn', 6),
(4529, 'Cát Dài', 6),
(4530, 'Lê Thanh Nghị', 6),
(4531, 'Ngãi Giao', 6),
(4532, 'Thác Mơ', 6),
(4533, 'Ninh Hưng', 6),
(4534, 'Ea Puk', 6),
(4535, 'Hoằng Thịnh', 6),
(4536, 'Thuỵ Hồng', 6),
(4537, 'Đưng Knớ', 6),
(4538, 'Hưng Thạnh', 6),
(4539, 'Gio Việt', 6),
(4540, 'Hà Trì', 6),
(4541, 'Ea Knốp', 6),
(4542, 'Kim Hoá', 6),
(4543, 'Kim Hoà', 6),
(4544, 'Cấn Hữu', 6),
(4545, 'Thiên Cầm', 6),
(4546, 'Chi Thiết', 6),
(4547, 'Đạo Long', 6),
(4548, 'Thạnh Xuân', 6),
(4549, 'Đằng Lâm', 6),
(4550, 'Xuân Hương', 6),
(4551, 'Hiền Chung', 6),
(4552, 'Giao Long', 6),
(4553, 'Ngọc Lũ', 6),
(4554, 'Đồng Chum', 6),
(4555, 'An Phú Đông', 6),
(4556, 'Phụng Hiệp', 6),
(4557, 'Nam Ngạn', 6),
(4558, 'Đức Chánh', 6),
(4559, 'Hòn Thơm', 6),
(4560, 'Lâm Kiết', 6),
(4561, 'Tam Thành', 6),
(4562, 'Tân Hoà Đông', 6),
(4563, 'Mai Hịch', 6),
(4564, 'Kim Xuyên', 6),
(4565, 'Đức Tùng', 6),
(4566, 'Ngũ Lão', 6),
(4567, 'Dũng Tiến', 6),
(4568, 'Nam Đồng', 6),
(4569, 'Hà An', 6),
(4570, 'Ia Kênh', 6),
(4571, 'Nhân Hoà', 6),
(4572, 'Cẩm Xuyên', 6),
(4573, 'Gia Cẩm', 6),
(4574, 'Kim Hoa', 6),
(4575, 'Vĩnh Hậu A', 6),
(4576, 'Sơn Nga', 6),
(4577, 'Hà Hồi', 6),
(4578, 'Tân Hoa', 6),
(4579, 'Thuận Hạnh', 6),
(4580, 'Lang Quán', 6),
(4581, 'Nguyễn Trung Trực', 6),
(4582, 'Zuôich', 6),
(4583, 'Đức Phong', 6),
(4584, 'Cuôr Knia', 6),
(4585, 'Hữu Lợi', 6),
(4586, 'Đồi Ngô', 6),
(4587, 'Vĩnh Chánh', 6),
(4588, 'Đan Hội', 6),
(4589, 'Ia Rsai', 6),
(4590, 'Hà Thanh', 6),
(4591, 'Trương Định', 6),
(4592, 'Tân Thái', 6),
(4593, 'Thái Niên', 6),
(4594, 'Liễu Đề', 6),
(4595, 'Lập Chiệng', 6),
(4596, 'Qui Hướng', 6),
(4597, 'Phước Dân', 6),
(4598, 'Lý Nhơn', 6),
(4599, 'Mỹ Quới', 6),
(4600, 'Vĩnh Hoà', 6),
(4601, 'Thành Tiến', 6),
(4602, 'Xuân Tình', 6),
(4603, 'Yên Nội', 6),
(4604, 'Kháng Chiến', 6),
(4605, 'Cốc Mỳ', 6),
(4606, 'Kiên Đài', 6),
(4607, 'Cát Trù', 6),
(4608, 'Hải Quế', 6),
(4609, 'Diễn Cát', 6),
(4610, 'Túng Sán', 6),
(4611, 'Nga Thái', 6),
(4612, 'Nam Phương Tiến', 6),
(4613, 'Tiến Hưng', 6),
(4614, 'Chiềng Sung', 6),
(4615, 'Vang Quới Tây', 6),
(4616, 'Quảng Văn', 6),
(4617, 'Lóng Phiêng', 6),
(4618, 'Đồng Ý', 6),
(4619, 'Nguyễn Văn Thảnh', 6),
(4620, 'Cần Nông', 6),
(4621, 'Chiềng Đông', 6),
(4622, 'Mường Phăng', 6),
(4623, 'Đông Ngũ', 6),
(4624, 'Hồng Thu', 6),
(4625, 'Định Long', 6),
(4626, 'Núi Sập', 6),
(4627, 'Mỹ Xương', 6),
(4628, 'Mỹ Trà', 6),
(4629, 'Việt Thuận', 6),
(4630, 'Vĩnh Mỹ', 6),
(4631, 'Phúc Hà', 6),
(4632, 'Bắc La', 6),
(4633, 'Chờ', 6),
(4634, 'Diễn Hạnh', 6),
(4635, 'Hoà Mục', 6),
(4636, 'Tịnh Minh', 6),
(4637, 'Long Trì', 6),
(4638, 'Đắk Ha', 6),
(4639, 'Lợi Hải', 6),
(4640, 'Đắk Long', 6),
(4641, 'Đông Bình', 6),
(4642, 'Dân Hạ', 6),
(4643, 'Lục Sỹ Thành', 6),
(4644, 'Lộc Nam', 6),
(4645, 'Đạ M\' Rong', 6),
(4646, 'Phúc Yên', 6),
(4647, 'Thành Triệu', 6),
(4648, 'Bằng Mạc', 6),
(4649, 'Quảng Sơn', 6),
(4650, 'Điện Thắng Nam', 6),
(4651, 'Giao Phong', 6),
(4652, 'Bình An', 6),
(4653, 'Tân Tập', 6),
(4654, 'Nàn Sán', 6),
(4655, 'Quỳnh Thọ', 6),
(4656, 'Thiệu Công', 6),
(4657, 'Cổ Thành', 6),
(4658, 'Bình Phục Nhứt', 6),
(4659, 'Hà Giang', 6),
(4660, 'Nhuế Dương', 6),
(4661, 'Cò  Nòi', 6),
(4662, 'Quang Bình', 6),
(4663, 'Hua Trai', 6),
(4664, 'Tức Tranh', 6),
(4665, 'Phì Điền', 6),
(4666, 'Đa Phước Hội', 6),
(4667, 'Tân Ngãi', 6),
(4668, 'Lộc Đức', 6),
(4669, 'Thiện Thuật', 6),
(4670, 'Phú Hoà', 6),
(4671, 'Hồng Lạc', 6),
(4672, 'Hang Chú', 6),
(4673, 'Hoà Hội', 6),
(4674, 'Hưng Định', 6),
(4675, 'Biên Giang', 6),
(4676, 'Bích Sơn', 6),
(4677, 'Quốc Oai', 6),
(4678, 'Châu Khánh', 6),
(4679, 'Cố Nghĩa', 6),
(4680, 'Hoàng Châu', 6),
(4681, 'Hải Toàn', 6),
(4682, 'Đông Ninh', 6),
(4683, 'Phong Thạnh Đông', 6),
(4684, 'Quỳnh Phú', 6),
(4685, 'Đất Mũi', 6),
(4686, 'Phúc Tân', 6),
(4687, 'Vũ Yển', 6),
(4688, 'Vĩnh Thạch', 6),
(4689, 'Ninh Thành', 6),
(4690, 'Đức Lý', 6),
(4691, 'Nhị Trường', 6),
(4692, 'Nam Hùng', 6),
(4693, 'Chiềng Ân', 6),
(4694, 'Xuân Tầm', 6),
(4695, 'Đạ Lây', 6),
(4696, 'Gio Sơn', 6),
(4697, 'Gia Miễn', 6),
(4698, 'Cát Chánh', 6),
(4699, 'Cam Nghĩa', 6),
(4700, 'Thẩm Dương', 6),
(4701, 'Phú Hựu', 6),
(4702, 'Thịnh Lộc', 6),
(4703, 'Đak Ta Ley', 6),
(4704, 'Đỗ Xuyên', 6),
(4705, 'Đạp Thanh', 6),
(4706, 'Tát Ngà', 6),
(4707, 'Thanh Luận', 6),
(4708, 'Gio Linh', 6),
(4709, 'Tiên Lữ', 6),
(4710, 'Phú Lễ', 6),
(4711, 'Phú Lệ', 6),
(4712, 'Việt Hồng', 6),
(4713, 'Kim Nọi', 6),
(4714, 'Lương Quới', 6),
(4715, 'Phạm Đình Hổ', 6),
(4716, 'Hoà Tú 1', 6),
(4717, 'Liêm Chung', 6),
(4718, 'Ea Bung', 6),
(4719, 'Nà Sác', 6),
(4720, 'Ch\'Ơm', 6),
(4721, 'Lộc Khánh', 6),
(4722, 'Nà Sáy', 6),
(4723, 'An Quy', 6),
(4724, 'Chà Vàl', 6),
(4725, 'Ia Hrú', 6),
(4726, 'Mỹ Tài', 6),
(4727, 'Đông Hải', 6),
(4728, 'Bình Ba', 6),
(4729, 'Ia Kla', 6),
(4730, 'Ia Peng', 6),
(4731, 'Tư', 6),
(4732, 'Ia Kly', 6),
(4733, 'Kỳ Tiến', 6),
(4734, 'Đồng Lợi', 6),
(4735, 'Tân Thuận Đông', 6),
(4736, 'Tuấn Đạo', 6),
(4737, 'Trung Đô', 6),
(4738, 'Long Khánh B', 6),
(4739, 'Long Khánh A', 6),
(4740, 'Vị Quang', 6),
(4741, 'Hành Đức', 6),
(4742, 'Hồng Thuỷ', 6),
(4743, 'Đức Xương', 6),
(4744, 'Nghĩa Đạo', 6),
(4745, 'Thanh Chăn', 6),
(4746, 'Nghĩa Ninh', 6),
(4747, 'Ninh Khánh', 6),
(4748, 'Khương Mai', 6),
(4749, 'Sen Thượng', 6),
(4750, 'An Quí', 6),
(4751, 'Thanh Phước', 6),
(4752, 'Khởi Nghĩa', 6),
(4753, 'Đồng Lê', 6),
(4754, 'Bắc Ngà', 6),
(4755, 'Quảng Châu', 6),
(4756, 'Nga Mỹ', 6),
(4757, 'Đồng Lý', 6),
(4758, 'Quang Lịch', 6),
(4759, 'Văn Lung', 6),
(4760, 'Đồi 61', 6),
(4761, 'Bình Chương', 6),
(4762, 'Dào San', 6),
(4763, 'Cô Tô', 6),
(4764, 'Ngọc Khê', 6),
(4765, 'Khả Cửu', 6),
(4766, 'Ia Ka', 6),
(4767, 'Ia Ko', 6),
(4768, 'Quốc Tuấn', 6),
(4769, 'Ia Dêr', 6),
(4770, 'Tân Chánh', 6),
(4771, 'Quế Xuân 1', 6),
(4772, 'Quế Xuân 2', 6),
(4773, 'Tông Qua Lìn', 6),
(4774, 'Nghiêm Xuyên', 6),
(4775, 'Nam Thành', 6),
(4776, 'Luận Thành', 6),
(4777, 'Đắk Mil', 6),
(4778, 'Vinh Quang', 6),
(4779, 'Quang Trọng', 6),
(4780, 'Vĩnh Hoà Hiệp', 6),
(4781, 'Quảng Ngạn', 6),
(4782, 'Thái Đào', 6),
(4783, 'Lộc Yên', 6),
(4784, 'Trực Mỹ', 6),
(4785, 'Chiềng Chung', 6),
(4786, 'Đoàn Tùng', 6),
(4787, 'Ia Krêl', 6),
(4788, 'Hoá Hợp', 6),
(4789, 'Quang Yên', 6),
(4790, 'Ngổ Luông', 6),
(4791, 'Thuận Thiên', 6),
(4792, 'Tam Anh Nam', 6),
(4793, 'Bình Hoà Nam', 6),
(4794, 'Trần Thới', 6),
(4795, 'Phương Nam', 6),
(4796, 'Sài Sơn', 6),
(4797, 'Hàng Đào', 6),
(4798, 'Chiềng Lương', 6),
(4799, 'Kim Thạch', 6),
(4800, 'Yên Trường', 6),
(4801, 'Nghĩa Tân', 6),
(4802, 'Cát Khánh', 6),
(4803, 'Nghĩa Tâm', 6),
(4804, 'Quán Bàu', 6),
(4805, 'Tuân Lộ', 6),
(4806, 'Nậm Pì', 6),
(4807, 'Bửu Hoà', 6),
(4808, 'Diễn Hoa', 6),
(4809, 'Duy Nhất', 6),
(4810, 'Yên Thái', 6),
(4811, 'Lưỡng Vượng', 6),
(4812, 'Cẩm Phúc', 6),
(4813, 'Tuần Châu', 6),
(4814, 'Lê Lợi', 6),
(4815, 'Cẩm Thuỷ', 6),
(4816, 'Hải Cảng', 6),
(4817, 'Giang Sơn Đông', 6),
(4818, 'Mai Lâm', 6),
(4819, 'Ea Pô', 6),
(4820, 'Chính Mỹ', 6),
(4821, 'Bến Quan', 6),
(4822, 'Lương Ninh', 6),
(4823, 'Hải Phú', 6),
(4824, 'Hoằng Kim', 6),
(4825, 'Vĩnh Hà', 6),
(4826, 'Tam Phước', 6),
(4827, 'An Hoạch', 6),
(4828, 'Kim Liên', 6),
(4829, 'Tích Lương', 6),
(4830, 'Diễn Xuân', 6),
(4831, 'Trung Đồng', 6),
(4832, 'Lục Thôn', 6),
(4833, 'Hương Toàn', 6),
(4834, 'Dục Tú', 6),
(4835, 'Nghĩa An', 6),
(4836, 'Quang Long', 6),
(4837, 'Tá Bạ', 6),
(4838, 'Đông Thái', 6),
(4839, 'Hoà Thắng', 6),
(4840, 'Hương Chữ', 6),
(4841, 'Nghĩa Hoà', 6),
(4842, 'Hạ Long', 6),
(4843, 'Tân Phước', 6),
(4844, 'Tân Đức', 6),
(4845, 'Lạc Xuân', 6),
(4846, 'Lóng Luông', 6),
(4847, 'Đông Xá', 6),
(4848, 'Vĩnh Minh', 6),
(4849, 'Đại Lộc', 6),
(4850, 'Tòng Đậu', 6),
(4851, 'Vĩnh Hào', 6),
(4852, 'Đồng Kỳ', 6),
(4853, 'La Hà', 6),
(4854, 'Vạn Phái', 6),
(4855, 'Tân Phượng', 6),
(4856, 'Thạch Châu', 6),
(4857, 'Quới An', 6),
(4858, 'Bình Hoà Phước', 6),
(4859, 'Khe Sanh', 6),
(4860, 'Đắk Dục', 6),
(4861, 'Phú Điền', 6),
(4862, 'Đạ Tồn', 6),
(4863, 'Cẩm Huy', 6),
(4864, 'Mỹ Quý Đông', 6),
(4865, 'Lưu Kỳ', 6),
(4866, 'Măng Cành', 6),
(4867, 'Trà Thuỷ', 6),
(4868, 'Kế An', 6),
(4869, 'Quảng Thành', 6),
(4870, 'Xuân Hải', 6),
(4871, 'Tân Hồng', 6),
(4872, 'Bằng Vân', 6),
(4873, 'Ia Tô', 6),
(4874, 'Hà Kỳ', 6),
(4875, 'Quài Tở', 6),
(4876, 'Thanh Xuân Nam', 6),
(4877, 'Xuân Thành', 6),
(4878, 'Hưng Đông', 6),
(4879, 'Thái Xuyên', 6),
(4880, 'Mường Kim', 6),
(4881, 'Bắc Lý', 6),
(4882, 'Điệp Nông', 6),
(4883, 'Tây Cốc', 6),
(4884, 'Cẩm Sơn', 6),
(4885, 'Yên Ninh', 6),
(4886, 'Hoà Thành', 6),
(4887, 'Nguyệt Ấn', 6),
(4888, 'Thạnh Trị', 6),
(4889, 'La Phù', 6),
(4890, 'Xuân Đỉnh', 6),
(4891, 'Gia Đức', 6),
(4892, 'Tam Bình', 6),
(4893, 'Tô Múa', 6),
(4894, 'Yên Trị', 6),
(4895, 'Mi Hoà', 6),
(4896, 'Mường Đăng', 6),
(4897, 'Bàn Thạch', 6),
(4898, 'Tân Xuân', 6),
(4899, 'Ngải Thầu', 6),
(4900, 'Nghĩa Hương', 6),
(4901, 'Long Trạch', 6),
(4902, 'Gia Minh', 6),
(4903, 'Chí Thiện', 6),
(4904, 'Cổ Nhuế 2', 6),
(4905, 'Cổ Nhuế 1', 6),
(4906, 'Trà Nú', 6),
(4907, 'Liên Phương', 6),
(4908, 'Vĩnh Gia', 6),
(4909, 'Đa Mi', 6),
(4910, 'Mỹ Thới', 6),
(4911, 'Viên An', 6),
(4912, 'Vân Côn', 6),
(4913, 'Ôn Lương', 6),
(4914, 'Cư Pơng', 6),
(4915, 'Tràng Xá', 6),
(4916, 'Tân Hội Đông', 6),
(4917, 'Tuyên Bình Tây', 6),
(4918, 'Vĩnh Tú', 6),
(4919, 'Sông Đà', 6),
(4920, 'Thái Thuỷ', 6),
(4921, 'Thạch Bình', 6),
(4922, 'Mai Tùng', 6),
(4923, 'Kông Chro', 6),
(4924, 'Ninh Sở', 6),
(4925, 'Trà Phú', 6),
(4926, 'Liệp Tè', 6),
(4927, 'Bình Sơn', 6),
(4928, 'Đồng Môn', 6),
(4929, 'Vị Thuỷ', 6),
(4930, 'Nậm Cang', 6),
(4931, 'Nàn Xỉn', 6),
(4932, 'Đông Lương', 6),
(4933, 'Dray Sáp', 6),
(4934, 'Hoằng Lương', 6),
(4935, 'Bình Đào', 6),
(4936, 'Võng La', 6),
(4937, 'Duy Hoà', 6),
(4938, 'Điền Xá', 6),
(4939, 'Pú Pẩu', 6),
(4940, 'Hà Lai', 6),
(4941, 'Hương Trà', 6),
(4942, 'Hà Lam', 6),
(4943, 'Hà Lan', 6),
(4944, 'Lai Đồng', 6),
(4945, 'Hải Đường', 6),
(4946, 'Nga Trung', 6),
(4947, 'Hồng Nam', 6),
(4948, 'Châu Hưng A', 6),
(4949, 'Mường Típ', 6),
(4950, 'Mương Mán', 6),
(4951, 'Phương Tiến', 6),
(4952, 'Nam Yang', 6),
(4953, 'Quỳnh Châu', 6),
(4954, 'Bích Đào', 6),
(4955, 'Mường Tùng', 6),
(4956, 'Phú Hữu', 6),
(4957, 'Tự Tân', 6),
(4958, 'Bến Củi', 6),
(4959, 'Lộc Thanh', 6),
(4960, 'Bố Hạ', 6),
(4961, 'Long An', 6),
(4962, 'Phong Huân', 6),
(4963, 'Hoằng Thanh', 6),
(4964, 'Phước Tín', 6),
(4965, 'Nhơn Mỹ', 6),
(4966, 'Vũ Tây', 6),
(4967, 'Chà Nưa', 6),
(4968, 'Đắk R\'Măng', 6),
(4969, 'Bình Khánh Đông', 6),
(4970, 'Tiên Cẩm', 6),
(4971, 'Tùng Bá', 6),
(4972, 'Phổ Minh', 6),
(4973, 'Thanh Thạch', 6),
(4974, 'Phường  An Lạc', 6),
(4975, 'Mường Chanh', 6),
(4976, 'Thanh Trường', 6),
(4977, 'Hồng Liêm', 6),
(4978, 'Hội An Đông', 6),
(4979, 'Phương Viên', 6),
(4980, 'Thiệu Hoà', 6),
(4981, 'Tân Yên', 6),
(4982, 'Đình Cả', 6),
(4983, 'Gia Lương', 6),
(4984, 'Phú Lai', 6),
(4985, 'Gia Viễn', 6),
(4986, 'Trung Hải', 6),
(4987, 'Mường Luân', 6),
(4988, 'Hải Long', 6),
(4989, 'Cam Linh', 6),
(4990, 'An Bá', 6),
(4991, 'Hàm Thạnh', 6),
(4992, 'Mỹ Hà', 6),
(4993, 'Trực Thanh', 6),
(4994, 'Đắk Sin', 6),
(4995, 'Bình Hưng Hoà B', 6),
(4996, 'Bình Hưng Hoà A', 6),
(4997, 'Ea Hiao', 6),
(4998, 'Mỹ Chánh Tây', 6),
(4999, 'Tiên Thuận', 6),
(5000, 'Pa Thơm', 6),
(5001, 'Kỳ Lâm', 6),
(5002, 'Tân Lâm', 6),
(5003, 'Phường 22', 6),
(5004, 'Hiệp Lực', 6),
(5005, 'Cát Tiên', 6),
(5006, 'La Pan Tẩn', 6),
(5007, 'Phong Đông', 6),
(5008, 'Pác Miầu', 6),
(5009, 'Bản Giang', 6),
(5010, 'Yên Nghĩa', 6),
(5011, 'Thanh Liên', 6),
(5012, 'Phường 26', 6),
(5013, 'Hải Thượng', 6),
(5014, 'Phước Chính', 6),
(5015, 'Phương Liệt', 6),
(5016, 'Phúc Tuy', 6),
(5017, 'Chuyên Ngoại', 6),
(5018, 'Nghĩa Hùng', 6),
(5019, 'Chiềng On', 6),
(5020, 'Quế Minh', 6),
(5021, 'Phù Ngọc', 6),
(5022, 'Thường Lạc', 6),
(5023, 'Tề Lỗ', 6),
(5024, 'Yên Luật', 6),
(5025, 'Phúc Thịnh', 6),
(5026, 'Lô Giang', 6),
(5027, 'Đức Thạnh', 6),
(5028, 'Mường Xén', 6),
(5029, 'Phủ Thông', 6),
(5030, 'Gành Dầu', 6),
(5031, 'Tào Xuyên', 6),
(5032, 'Mạo Khê', 6),
(5033, 'Kim Phú', 6),
(5034, 'Phù Hoá', 6),
(5035, 'Lệnh Khanh', 6),
(5036, 'Gia Canh', 6),
(5037, 'Phú Sơn', 6),
(5038, 'Ba Sao', 6),
(5039, 'Khuê Ngọc Điền', 6),
(5040, 'Cam Giá', 6),
(5041, 'Khánh Hưng', 6),
(5042, 'Sơn Lư', 6),
(5043, 'Ngọc Hà', 6),
(5044, 'Dư Hàng Kênh', 6),
(5045, 'Điện Trung', 6),
(5046, 'Hàm Chính', 6),
(5047, 'Tuy Lộc', 6),
(5048, 'Văn Hoá', 6),
(5049, 'Thượng Nông', 6),
(5050, 'Ea Na', 6),
(5051, 'Vĩnh Nhuận', 6),
(5052, 'Hoằng Hà', 6),
(5053, 'Sơn Trạch', 6),
(5054, 'An Lạc Tây', 6),
(5055, 'Căm Muộn', 6),
(5056, 'Cẩm Hoàng', 6),
(5057, 'Tân Ân Tây', 6),
(5058, 'Linh Đông', 6),
(5059, 'Thọ Minh', 6),
(5060, 'Tiên Dược', 6),
(5061, 'Phú Phong', 6),
(5062, 'Kiến An', 6),
(5063, 'Sóc Đăng', 6),
(5064, 'Quảng Phú', 6),
(5065, 'Săm Khoé', 6),
(5066, 'Hải Vĩnh', 6),
(5067, 'Liên Hồng', 6),
(5068, 'Liên Quan', 6),
(5069, 'Anh Sơn', 6),
(5070, 'Hồng Phúc', 6),
(5071, 'An Ngãi', 6),
(5072, 'Phú Xuyên', 6),
(5073, 'Trà Khê', 6),
(5074, 'Yết Kiêu', 6),
(5075, 'Vĩnh Giang', 6),
(5076, 'Song Thuận', 6),
(5077, 'Gia Viên', 6),
(5078, 'Hải Yến', 6),
(5079, 'Tứ Minh', 6),
(5080, 'Võ Liệt', 6),
(5081, 'Nong Luông', 6),
(5082, 'Xuân Bình', 6),
(5083, 'Sró', 6),
(5084, 'Thanh Miện', 6),
(5085, 'Cam Lộc', 6),
(5086, 'Thạch Khê', 6),
(5087, 'Chim Vàn', 6),
(5088, 'Phước Lập', 6),
(5089, 'Mỹ Độ', 6),
(5090, 'Lê Đại Hành', 6),
(5091, 'Quảng Giao', 6),
(5092, 'Triệu Lộc', 6),
(5093, 'Ba Trang', 6),
(5094, 'Hố Mít', 6),
(5095, 'Chính Công', 6),
(5096, 'Yên Hùng', 6),
(5097, 'Mỹ Hạnh Đông', 6),
(5098, 'Phong Thổ', 6),
(5099, 'Nghi Thuỷ', 6),
(5100, 'Đức Thành', 6),
(5101, 'Bản Díu', 6),
(5102, 'Tà Mung', 6),
(5103, 'Nghĩa Hải', 6),
(5104, 'Tu Tra', 6),
(5105, 'Tất Thắng', 6),
(5106, 'Đồng Trúc', 6),
(5107, 'Quảng Hiệp', 6),
(5108, 'Láng Thượng', 6),
(5109, 'Đông Quan', 6),
(5110, 'Buôn Triết', 6),
(5111, 'Thiện An', 6),
(5112, 'Hải Đình', 6),
(5113, 'Ninh Phú', 6),
(5114, 'Vĩnh Quỳnh', 6),
(5115, 'Nậm Tăm', 6),
(5116, 'Ba Lế', 6),
(5117, 'Điềm Mặc', 6),
(5118, 'Hương Nộn', 6),
(5119, 'Mường Mít', 6),
(5120, 'Thành Sơn', 6),
(5121, 'Tả Van', 6),
(5122, 'Ea Đar', 6),
(5123, 'Lộc Thuận', 6),
(5124, 'Mai Hoá', 6),
(5125, 'Phúc Do', 6),
(5126, 'Hưng Phong', 6),
(5127, 'Pú Nhung', 6),
(5128, 'Nậm Nhừ', 6),
(5129, 'Lấp Vò', 6),
(5130, 'Cầu Kho', 6),
(5131, 'Vĩnh Thanh', 6),
(5132, 'Tà Hừa', 6),
(5133, 'Thanh Nhật', 6),
(5134, 'Hoà Tiến', 6),
(5135, 'Yên Đỗ', 6),
(5136, 'Cao Răm', 6),
(5137, 'Quyết Thắng', 6),
(5138, 'Phước Chỉ', 6),
(5139, 'Tiên Du', 6),
(5140, 'Phan Sơn', 6),
(5141, 'Hữu Kiệm', 6),
(5142, 'Trà Linh', 6),
(5143, 'Suối Bàng', 6),
(5144, 'Quí Quân', 6),
(5145, 'Chánh Phú Hoà', 6),
(5146, 'Như Cố', 6),
(5147, 'Đắk Ring', 6),
(5148, 'Trà Bùi', 6),
(5149, 'Động Lâm', 6),
(5150, 'Yên Giang', 6),
(5151, 'Quang Sơn', 6),
(5152, 'Thuỵ Hải', 6),
(5153, 'Vĩnh Lại', 6),
(5154, 'Tà Pơơ', 6),
(5155, 'Hoằng Hợp', 6),
(5156, 'Đình Phong', 6),
(5157, 'Vĩnh Ninh', 6),
(5158, 'Lương Ngoại', 6),
(5159, 'Linh Hồ', 6),
(5160, 'Nhân Đạo', 6),
(5161, 'Minh Quân', 6),
(5162, 'Hoằng Lộc', 6),
(5163, 'Phình Sáng', 6),
(5164, 'Định Tăng', 6),
(5165, 'Yên Quang', 6),
(5166, 'Tân Mỹ Chánh', 6),
(5167, 'Cáo Điền', 6),
(5168, 'Hoành Sơn', 6),
(5169, 'Thọ Tiến', 6),
(5170, 'Yên Luông', 6),
(5171, 'Trung Thạnh', 6),
(5172, 'Khánh Hồng', 6),
(5173, 'Đồng Ích', 6),
(5174, 'Ka Long', 6),
(5175, 'An Đồng', 6),
(5176, 'Cương Gián', 6),
(5177, 'Tăng Hoà', 6),
(5178, 'An Thịnh', 6),
(5179, 'Đắk Lao', 6),
(5180, 'Tả Phìn', 6),
(5181, 'Tìa Dình', 6),
(5182, 'Nghĩa Sơn', 6),
(5183, 'Chiềng Mung', 6),
(5184, 'Dân Hoà', 6),
(5185, 'Vĩnh Lâm', 6),
(5186, 'Đài Sơn', 6),
(5187, 'Khánh Lợi', 6),
(5188, 'Thái Đức', 6),
(5189, 'Văn Minh', 6),
(5190, 'Ninh Phong', 6),
(5191, 'Tiền Hải', 6),
(5192, 'Nghĩa Đàn', 6),
(5193, 'Mỹ Ngãi', 6),
(5194, 'Lưu Kiền', 6),
(5195, 'Liên Thuỷ', 6),
(5196, 'Bắc Hưng', 6),
(5197, 'Đa Thông', 6),
(5198, 'Lý Thành', 6),
(5199, 'Ba', 6),
(5200, 'Bo', 6),
(5201, 'Mỹ Lạc', 6),
(5202, 'Nam Đà', 6),
(5203, 'Đất Mới', 6),
(5204, 'Hiên Vân', 6),
(5205, 'Tự Cường', 6),
(5206, 'Lâm Thao', 6),
(5207, 'Phú Trinh', 6),
(5208, 'Tòng Sành', 6),
(5209, 'Cồn', 6),
(5210, 'Khánh Thuận', 6),
(5211, 'Đức Phổ', 6),
(5212, 'Đông Các', 6),
(5213, 'Hậu Thạnh Tây', 6),
(5214, 'Dương Hưu', 6),
(5215, 'Ngối Cáy', 6),
(5216, 'Xuân Sơn Bắc', 6),
(5217, 'Đoan Hùng', 6),
(5218, 'Uy Nỗ', 6),
(5219, 'Văn Nhân', 6),
(5220, 'Na Dương', 6),
(5221, 'Trung Thành Tây', 6),
(5222, 'Mỹ Bình', 6),
(5223, 'Ninh Diêm', 6),
(5224, 'Định Hoá', 6),
(5225, 'Thiên Tôn', 6),
(5226, 'Mường Chà', 6),
(5227, 'Thu Tà', 6),
(5228, 'Xuân Tảo', 6),
(5229, 'Châu Ổ', 6),
(5230, 'Phú Lợi', 6),
(5231, 'Trà Cú', 6),
(5232, 'Phúc Trìu', 6),
(5233, 'Khánh Thịnh', 6),
(5234, 'Đồng Hoà', 6),
(5235, 'Hải Trạch', 6),
(5236, 'Ngọc Đông', 6),
(5237, 'Nhơn Thạnh', 6),
(5238, 'Hướng Tân', 6),
(5239, 'Nà Tăm', 6),
(5240, 'Yên Hân', 6),
(5241, 'Tô Châu', 6),
(5242, 'Mường Hung', 6),
(5243, 'Đức La', 6),
(5244, 'Tam Mỹ Tây', 6),
(5245, 'Đắk Rve', 6),
(5246, 'Thuận Nam', 6),
(5247, 'Hoà Hậu', 6),
(5248, 'Long Thới', 6),
(5249, 'Mỹ Hạnh Trung', 6),
(5250, 'Mỹ Phú Đông', 6),
(5251, 'Bình Thạnh', 6),
(5252, 'Đức Yên', 6),
(5253, 'Nghĩa Thái', 6),
(5254, 'Kim Lư', 6),
(5255, 'Điện Quang', 6),
(5256, 'Bảo Thạnh', 6),
(5257, 'Hoà Khánh Tây', 6),
(5258, 'Quế Hiệp', 6),
(5259, 'Văn Học', 6),
(5260, 'Cầu Diễn', 6),
(5261, 'Dương Xuân Hội', 6),
(5262, 'Triệu Sơn', 6),
(5263, 'Đức Bồng', 6),
(5264, 'Khánh Hoà', 6),
(5265, 'Quảng Thái', 6),
(5266, 'Hồng Đại', 6),
(5267, 'B\' Lá', 6),
(5268, 'Tịnh Khê', 6),
(5269, 'Thành Trung', 6),
(5270, 'Bắc Phong', 6),
(5271, 'Chợ Chùa', 6),
(5272, 'Thanh Khê', 6),
(5273, 'Nam Cát Tiên', 6),
(5274, 'Điện Phước', 6),
(5275, 'Sơn Hồng', 6),
(5276, 'Đức Nhuận', 6),
(5277, 'Duy Trinh', 6),
(5278, 'Nam Toàn', 6),
(5279, 'Liên Vũ', 6),
(5280, 'Hưng Yên Bắc', 6),
(5281, 'Kim Anh', 6),
(5282, 'Nguyễn Văn Cừ', 6),
(5283, 'Nam Vân', 6),
(5284, 'Khánh Bình Đông', 6),
(5285, 'Ninh Ích', 6),
(5286, 'Thuỷ Sơn', 6),
(5287, 'Ngam La', 6),
(5288, 'Bình Hiệp', 6),
(5289, 'Tây Tiến', 6),
(5290, 'Bù Gia Mập', 6),
(5291, 'Bến Sung', 6),
(5292, 'Ia Pal', 6),
(5293, 'Đắk Trăm', 6),
(5294, 'Tầm Vu', 6),
(5295, 'Vĩnh Thịnh', 6),
(5296, 'Nà Chì', 6),
(5297, 'Tĩnh Túc', 6),
(5298, 'Mỹ Hội', 6),
(5299, 'Khánh Tiên', 6),
(5300, 'Khuê Trung', 6),
(5301, 'Cẩm Quan', 6),
(5302, 'Kim Lũ', 6),
(5303, 'Thuận An', 6),
(5304, 'Bằng Phúc', 6),
(5305, 'Canh Nậu', 6),
(5306, 'Huổi Một', 6),
(5307, 'Tản Hồng', 6),
(5308, 'Sín Chéng', 6),
(5309, 'Chiềng Chăn', 6),
(5310, 'Nguyễn Cư Trinh', 6),
(5311, 'Mỹ Tịnh An', 6),
(5312, 'Quảng Phú Cầu', 6),
(5313, 'Si Ma Cai', 6),
(5314, 'Nhơn Hải', 6),
(5315, 'Thạch Thắng', 6),
(5316, 'Cát Minh', 6),
(5317, 'Nậm Cắn', 6),
(5318, 'An Lục Long', 6),
(5319, 'Vĩnh Ngọc', 6),
(5320, 'Thuỵ Vân', 6),
(5321, 'Liên Đầm', 6),
(5322, 'Vĩnh Thuận', 6),
(5323, 'Xuân Đài', 6),
(5324, 'Sơn Thành', 6),
(5325, 'Pú Đao', 6),
(5326, 'Sàng Ma Sáo', 6),
(5327, 'Bộc Nhiêu', 6),
(5328, 'Hiếu Thành', 6),
(5329, 'Cam An', 6),
(5330, 'Hàm Phú', 6),
(5331, 'Yên Dưỡng', 6),
(5332, 'Hạ Sơn', 6),
(5333, 'Hải Lâm', 6),
(5334, 'Phú Khánh', 6),
(5335, 'Đại Lịch', 6),
(5336, 'Hạ Hoà', 6),
(5337, 'Bảo Linh', 6),
(5338, 'Phương Sài', 6),
(5339, 'Dầu Tiếng', 6),
(5340, 'Triệu Đại', 6),
(5341, 'Trực Cường', 6),
(5342, 'Quảng Lãng', 6),
(5343, 'Ngok Tem', 6),
(5344, 'Ngọc Lâm', 6),
(5345, 'Mỹ Hoà', 6),
(5346, 'Xuân Hà', 6),
(5347, 'Vĩnh Hiền', 6),
(5348, 'Ngọc Lâu', 6),
(5349, 'Ea Lê', 6),
(5350, 'Tam Hoà', 6),
(5351, 'Yên Hưng', 6),
(5352, 'A Túc', 6),
(5353, 'Xín Vàng', 6),
(5354, 'Tân Phú Tây', 6),
(5355, 'Ngọc Lặc', 6),
(5356, 'Xuân Nộn', 6),
(5357, 'Xuân Nội', 6),
(5358, 'Bình Lãng', 6),
(5359, 'Bình Lãnh', 6),
(5360, 'Nậm Ty', 6),
(5361, 'Phú Riềng', 6),
(5362, 'Ya Xiêr', 6),
(5363, 'Phong Xuân', 6),
(5364, 'Diễn Lộc', 6),
(5365, 'Vinh Tân', 6),
(5366, 'Gung Ré', 6),
(5367, 'Cam Chính', 6),
(5368, 'Bồng Khê', 6),
(5369, 'Trường Long', 6),
(5370, 'Quế Châu', 6),
(5371, 'Đội Cung', 6),
(5372, 'Tuấn Mậu', 6),
(5373, 'Phú Khê', 6),
(5374, 'Đồng Than', 6),
(5375, 'Nam Kim', 6),
(5376, 'Cát Hải', 6),
(5377, 'A Nông', 6),
(5378, 'Cửu An', 6),
(5379, 'Vũ Linh', 6),
(5380, 'Trới', 6),
(5381, 'Định Mỹ', 6),
(5382, 'Cát Sơn', 6),
(5383, 'Đông Yên', 6),
(5384, 'Quỳnh Bảng', 6),
(5385, 'Ea Nam', 6),
(5386, 'Lăng Cô', 6),
(5387, 'Lăng Yên', 6),
(5388, 'Đức Thượng', 6),
(5389, 'Lan Mẫu', 6),
(5390, 'Sông Phan', 6),
(5391, 'Quang Thành', 6),
(5392, 'Tân Thành Bình', 6),
(5393, 'Điền Lư', 6),
(5394, 'Thới Tam Thôn', 6),
(5395, 'Nậm Giải', 6),
(5396, 'An Thạnh Tây', 6),
(5397, 'Bình Thanh', 6),
(5398, 'Bảo Thanh', 6),
(5399, 'Hoa Lư', 6),
(5400, 'Nam Lộc', 6),
(5401, 'Thanh Thuỷ', 6),
(5402, 'Tùng Ảnh', 6),
(5403, 'Thanh Thuỳ', 6),
(5404, 'Hiệp Hoà', 6),
(5405, 'Lim', 6),
(5406, 'Thông Nguyên', 6),
(5407, 'Chrôh Pơnan', 6),
(5408, 'Khánh Yên Trung', 6),
(5409, 'Sông Kôn', 6),
(5410, 'Giang Tiên', 6),
(5411, 'Cây Gáo', 6),
(5412, 'Nam Sơn', 6),
(5413, 'Thái Cường', 6),
(5414, 'Ia Dơk', 6),
(5415, 'Búng Tàu', 6),
(5416, 'Xín Mần', 6),
(5417, 'Yên Lương', 6),
(5418, 'Kha Sơn', 6),
(5419, 'Đại Đình', 6),
(5420, 'Trấn Yên', 6),
(5421, 'Đại Phong', 6),
(5422, 'Ninh Thượng', 6),
(5423, 'Hiệp Mỹ Đông', 6),
(5424, 'Nam Phong', 6),
(5425, 'Đại Hồng', 6),
(5426, 'Tà Đảnh', 6),
(5427, 'Nghĩa Phú', 6),
(5428, 'Thèn Phàng', 6),
(5429, 'Xuân Ninh', 6),
(5430, 'Thạch Lâm', 6),
(5431, 'Thông Hoè', 6),
(5432, 'Tân Trụ', 6),
(5433, 'Dương Thuỷ', 6),
(5434, 'Kim Chung', 6),
(5435, 'Lai Vung', 6),
(5436, 'Chí Thảo', 6),
(5437, 'La Hai', 6),
(5438, 'Hàm Hiệp', 6),
(5439, 'An Phú', 6),
(5440, 'Vị Thắng', 6),
(5441, 'Tri Thuỷ', 6),
(5442, 'Nại Hiên Đông', 6),
(5443, 'Tân Kỳ', 6),
(5444, 'Công Liêm', 6),
(5445, 'Trà Bá', 6),
(5446, 'Ngọc Khánh', 6),
(5447, 'Chợ Gạo', 6),
(5448, 'Tân Xuyên', 6),
(5449, 'Hàm Đức', 6),
(5450, 'Làng Mô', 6),
(5451, 'Thái Tân', 6),
(5452, 'An Hải Đông', 6),
(5453, 'Ngọc Lương', 6),
(5454, 'Cống Vị', 6),
(5455, 'Thái Thượng', 6),
(5456, 'Tiên Hải', 6),
(5457, 'La Dêê', 6),
(5458, 'Phương Thiện', 6),
(5459, 'Nguyên Lý', 6),
(5460, 'Thành Hải', 6),
(5461, 'Tiên Lương', 6),
(5462, 'Liên Lộc', 6),
(5463, 'Nật Sơn', 6),
(5464, 'Bắc Thành', 6),
(5465, 'Dur Kmăl', 6),
(5466, 'Phước Thiện', 6),
(5467, 'Hướng Việt', 6),
(5468, 'Tà Cạ', 6),
(5469, 'Thuỷ Đường', 6),
(5470, 'Côn Minh', 6),
(5471, 'Vĩnh Thạnh Trung', 6),
(5472, 'Tam Nghĩa', 6),
(5473, 'Bằng Lũng', 6),
(5474, 'Phật Tích', 6),
(5475, 'Trù Hựu', 6),
(5476, 'Đại Ngãi', 6),
(5477, 'Sa Sơn', 6),
(5478, 'Bãi Bông', 6),
(5479, 'Lùng Phình', 6),
(5480, 'Lương Châu', 6),
(5481, 'Thuỵ Phương', 6),
(5482, 'Pô Kô', 6),
(5483, 'Hoá Thanh', 6),
(5484, 'Chiêu Yên', 6),
(5485, 'Văn Lộc', 6),
(5486, 'Thành Hoà', 6),
(5487, 'Hưng Nguyên', 6),
(5488, 'Đắk Kôi', 6),
(5489, 'Cầu Dền', 6),
(5490, 'Yên Thắng', 6),
(5491, 'Minh Lập', 6),
(5492, 'Liên Bão', 6),
(5493, 'Hướng Lập', 6),
(5494, 'Bình Chánh', 6),
(5495, 'Thạch Lỗi', 6),
(5496, 'Long Điền Tây', 6),
(5497, 'Gia Điền', 6),
(5498, 'Tiến Nông', 6),
(5499, 'Thạch Ngọc', 6),
(5500, 'Sơn Viên', 6),
(5501, 'Yên Trung', 6),
(5502, 'Xuân Liên', 6),
(5503, 'Thái Bình Trung', 6),
(5504, 'Vàng San', 6),
(5505, 'Thị Ngân', 6),
(5506, 'Long Hiệp', 6),
(5507, 'Phà Đánh', 6),
(5508, 'Đông Viên', 6),
(5509, 'Đại Xuân', 6),
(5510, 'Tống Phan', 6),
(5511, 'Văn An', 6),
(5512, 'Diễn Thắng', 6),
(5513, 'Đồng Cốc', 6),
(5514, 'Long Cang', 6),
(5515, 'Diễn Hải', 6),
(5516, 'Thạnh Nhựt', 6),
(5517, 'An Khương', 6),
(5518, 'Tân Vĩnh Hiệp', 6),
(5519, 'Vũ Di', 6),
(5520, 'Hương An', 6),
(5521, 'Quảng Tùng', 6),
(5522, 'Phù Lưu', 6),
(5523, 'An Hội', 6),
(5524, 'Song Phú', 6),
(5525, 'Ba Lòng', 6),
(5526, 'Tịnh Ấn Tây', 6),
(5527, 'Cư Suê', 6),
(5528, 'Đông Khê', 6),
(5529, 'Điện Nam Bắc', 6),
(5530, 'Hiếu Tử', 6),
(5531, 'Phùng Xá', 6),
(5532, 'Rã Bản', 6),
(5533, 'A Ngo', 6),
(5534, 'Hoa Thám', 6),
(5535, 'Vũ Vân', 6),
(5536, 'Hồng Quang', 6),
(5537, 'Tả Sử Choóng', 6),
(5538, 'Nậm Sỏ', 6),
(5539, 'Vinh Xuân', 6),
(5540, 'Cái Chiên', 6),
(5541, 'An Dân', 6),
(5542, 'Đoài Khôn', 6),
(5543, 'Búng Lao', 6),
(5544, 'Bình San', 6),
(5545, 'Bông Trang', 6),
(5546, 'Thạch Tiến', 6),
(5547, 'Long Thạnh Mỹ', 6),
(5548, 'A Lù', 6),
(5549, 'Lang Thíp', 6),
(5550, 'Pa Khoá', 6),
(5551, 'Tân Quới', 6),
(5552, 'Nhân La', 6),
(5553, 'Bờ Lao', 6),
(5554, 'Tân Long', 6),
(5555, 'Tà Lài', 6),
(5556, 'Đăk Song', 6),
(5557, 'Cầu Đất', 6),
(5558, 'Hà Vị', 6),
(5559, 'Lộc Hưng', 6),
(5560, 'Tịnh Sơn', 6),
(5561, 'Đình Bảng', 6),
(5562, 'Tiêu Động', 6),
(5563, 'Nhơn Hoà Lập', 6),
(5564, 'Kiến Đức', 6),
(5565, 'Ia Me', 6),
(5566, 'Đông Phước', 6),
(5567, 'Cành Nàng', 6),
(5568, 'Quốc Tử Giám', 6),
(5569, 'Song Giang', 6),
(5570, 'Phìn Ngan', 6),
(5571, 'Nhân Lý', 6),
(5572, 'Cô Mười', 6),
(5573, 'Một Ngàn', 6),
(5574, 'Dak Mang', 6),
(5575, 'Tây Mỗ', 6),
(5576, 'Xuân Khê', 6),
(5577, 'Toả Tình', 6),
(5578, 'Đồng Thạnh', 6),
(5579, 'Ngọc Biên', 6),
(5580, 'Cát Linh', 6),
(5581, 'Thanh Nông', 6),
(5582, 'Hậu Thạnh', 6),
(5583, 'Hoằng Minh', 6),
(5584, 'Hoằng Lý', 6),
(5585, 'Lùng Vai', 6),
(5586, 'Vũ Tiến', 6),
(5587, 'Mỹ Lương', 6),
(5588, 'Vạn Bình', 6),
(5589, 'Ẳng Tở', 6),
(5590, 'Tam Thôn Hiệp', 6),
(5591, 'Vụ Cầu', 6),
(5592, 'Mộc Nam', 6),
(5593, 'Hoà Tú 2', 6),
(5594, 'Liễn Sơn', 6),
(5595, 'Kiên Bình', 6),
(5596, 'Chiềng Dong', 6),
(5597, 'Tân Phước Hưng', 6),
(5598, 'Nàn Ma', 6),
(5599, 'Phú Hải', 6),
(5600, 'Trí Lực', 6),
(5601, 'Thới Bình', 6),
(5602, 'Nghi Hoa', 6),
(5603, 'Cẩm Bình', 6),
(5604, 'Chấn Hưng', 6),
(5605, 'Hậu Mỹ Bắc A', 6),
(5606, 'Thanh Hưng', 6),
(5607, 'Hồng Ngài', 6),
(5608, 'Nậm Nèn', 6),
(5609, 'Điện Biên', 6),
(5610, 'Tân Bửu', 6),
(5611, 'Ya Ma', 6),
(5612, 'Phổ Ninh', 6),
(5613, 'Tả Lủng', 6),
(5614, 'Cầu Gồ', 6),
(5615, 'Phong Dụ', 6),
(5616, 'Tân Khang', 6),
(5617, 'Trực Chính', 6),
(5618, 'Đức Xuyên', 6),
(5619, 'Nghi Trung', 6),
(5620, 'Ngọc Xuân', 6),
(5621, 'Quảng Tân', 6),
(5622, 'Quảng Tâm', 6),
(5623, 'Ba Khâm', 6),
(5624, 'Chiềng Pấc', 6),
(5625, 'Đồng Hưu', 6),
(5626, 'Sơn Dung', 6),
(5627, 'Thạch Bàn', 6),
(5628, 'Lang Chánh', 6),
(5629, 'Hoằng Thái', 6),
(5630, 'Ea Sar', 6),
(5631, 'Thịnh Thành', 6),
(5632, 'Vượng Lộc', 6),
(5633, 'Nghĩa Lộc', 6),
(5634, 'Tân Lộc Đông', 6),
(5635, 'Kỳ Liên', 6),
(5636, 'Hàng Kênh', 6),
(5637, 'Đông Tiến', 6),
(5638, 'Nghi Hoà', 6),
(5639, 'Ia Mơ', 6),
(5640, 'Đông Mỹ', 6),
(5641, 'Sông Đốc', 6),
(5642, 'Xa Lý', 6),
(5643, 'Lai Hạ', 6),
(5644, 'Tân Tạo A', 6),
(5645, 'Tân Trào', 6),
(5646, 'Hoà Xuân Tây', 6),
(5647, 'Sa Rài', 6),
(5648, 'Hoằng Phú', 6),
(5649, 'Nậm Vì', 6),
(5650, 'Bình Long', 6),
(5651, 'Thới Lai', 6),
(5652, 'Trần Văn Thời', 6),
(5653, 'Chư Rcăm', 6),
(5654, 'Đa Mai', 6),
(5655, 'Trà Leng', 6),
(5656, 'An Quang', 6),
(5657, 'Tam Cường', 6),
(5658, 'Mỹ Cẩm', 6),
(5659, 'Tiên Sơn', 6),
(5660, 'Tạ Xá', 6),
(5661, 'Gia Ninh', 6),
(5662, 'Dương Hà', 6),
(5663, 'An Cư', 6),
(5664, 'Giồng Riềng', 6),
(5665, 'Việt Xuyên', 6),
(5666, 'Bảo Hà', 6),
(5667, 'Suối Đá', 6),
(5668, 'Bản Bo', 6),
(5669, 'Song Vân', 6),
(5670, 'Hoá Quỳ', 6),
(5671, 'Noong Bua', 6),
(5672, 'Mường Hum', 6),
(5673, 'Măng Ri', 6),
(5674, 'Hoàng Đồng', 6),
(5675, 'Thung Nai', 6),
(5676, 'Kéo Yên', 6),
(5677, 'Tiên Long', 6),
(5678, 'Nam Yên', 6),
(5679, 'Thiệu Toán', 6),
(5680, 'Thuận Đức', 6),
(5681, 'Văn Chương', 6),
(5682, 'Núi Thành', 6),
(5683, 'Đạo Tú', 6),
(5684, 'Đồng Quế', 6),
(5685, 'Tân An', 6),
(5686, 'Tà Lùng', 6),
(5687, 'Lộc Thạnh', 6),
(5688, 'Điền Môn', 6),
(5689, 'Trường Xuân B', 6),
(5690, 'Cao Bồ', 6),
(5691, 'Trường Xuân A', 6),
(5692, 'Hoà Trạch', 6),
(5693, 'Hải Yang', 6),
(5694, 'Tân An Luông', 6),
(5695, 'Thạnh Phong', 6),
(5696, 'Thuỷ Phù', 6),
(5697, 'Lộc Tiến', 6),
(5698, 'Hiệp Phước', 6),
(5699, 'Cát Tiến', 6),
(5700, 'Bảo Ninh', 6),
(5701, 'Đông Phú', 6),
(5702, 'Kỳ Phong', 6),
(5703, 'Đông Vệ', 6),
(5704, 'Đú Sáng', 6),
(5705, 'Tân Việt', 6),
(5706, 'Tịnh Phong', 6),
(5707, 'Văn Tự', 6),
(5708, 'Ba Động', 6),
(5709, 'Khả Phong', 6),
(5710, 'Bình Trị Đông A', 6),
(5711, 'Sủng Là', 6),
(5712, 'Bình Trị Đông B', 6),
(5713, 'Quỳnh Hội', 6),
(5714, 'Hưng Mỹ', 6),
(5715, 'Thạch Liên', 6),
(5716, 'Bình Thành', 6),
(5717, 'Ninh Nhất', 6),
(5718, 'Long Chữ', 6),
(5719, 'Đông Hiệp', 6),
(5720, 'Văn Tố', 6),
(5721, 'Nghĩa Mai', 6),
(5722, 'Chiềng Pha', 6),
(5723, 'Huyền Sơn', 6),
(5724, 'Hơ Moong', 6),
(5725, 'Hoài Mỹ', 6),
(5726, 'Thái Long', 6),
(5727, 'Mỹ Thạnh Tây', 6),
(5728, 'Quỳnh Văn', 6),
(5729, 'Giảng Võ', 6),
(5730, 'Nam Giang', 6),
(5731, 'Yang Nam', 6),
(5732, 'Song An', 6),
(5733, 'Xuyên Mộc', 6),
(5734, 'Phước Thiền', 6),
(5735, 'An Đức', 6),
(5736, 'Chí Minh', 6),
(5737, 'Trung Tú', 6),
(5738, 'Viễn Sơn', 6),
(5739, 'Nguyên Phúc', 6),
(5740, 'Phổ Thuận', 6),
(5741, 'Diên Lạc', 6),
(5742, 'Đắk Ruồng', 6),
(5743, 'Long Khánh', 6),
(5744, 'An Hà', 6),
(5745, 'Danh Thắng', 6),
(5746, 'Thứa', 6),
(5747, 'Xuân Hoà', 6),
(5748, 'Hoài Đức', 6),
(5749, 'Đôn Phong', 6),
(5750, 'Thượng Cốc', 6),
(5751, 'Phú Cát', 6),
(5752, 'Thái Hưng', 6),
(5753, 'Tà Xùa', 6),
(5754, 'Hưng Xá', 6),
(5755, 'Khuôn Hà', 6),
(5756, 'Long Phúc', 6),
(5757, 'Đạo Đức', 6),
(5758, 'Đất Bằng', 6),
(5759, 'Hương Canh', 6),
(5760, 'Định Hoà', 6),
(5761, 'Đại Hợp', 6),
(5762, 'An Thạnh Trung', 6),
(5763, 'Yang Mao', 6),
(5764, 'Tư Mại', 6),
(5765, 'Quan Sơn', 6),
(5766, 'Đồng Cương', 6),
(5767, 'Hậu Mỹ Trinh', 6),
(5768, 'Vũ Hoà', 6),
(5769, 'Hàng Bột', 6),
(5770, 'Lơ Ku', 6),
(5771, 'Tiêu Sơn', 6),
(5772, 'Quang Hanh', 6),
(5773, 'Hội Nghĩa', 6),
(5774, 'Thiệu Chính', 6),
(5775, 'Cẩm Mỹ', 6),
(5776, 'Thọ Lâm', 6),
(5777, 'Trà Đông', 6),
(5778, 'Bách Quang', 6),
(5779, 'Na Mao', 6),
(5780, 'Tà Gia', 6),
(5781, 'Yên Lâm', 6),
(5782, 'Diên Điền', 6),
(5783, 'Đình Tổ', 6),
(5784, 'Trạm Trôi', 6),
(5785, 'Nghèn', 6),
(5786, 'Đạ Sar', 6),
(5787, 'Thiệu Dương', 6),
(5788, 'Vĩnh Nguyên', 6),
(5789, 'Suối Bau', 6),
(5790, 'Châu Sơn', 6),
(5791, 'Yên Lư', 6),
(5792, 'Đạ Tông', 6),
(5793, 'Tênh Phông', 6),
(5794, 'Tử Nê', 6),
(5795, 'Hiền Ninh', 6),
(5796, 'Sáng Nhè', 6),
(5797, 'Hà Phong', 6),
(5798, 'Đắk Rơ Nga', 6),
(5799, 'Lùng Sui', 6),
(5800, 'Đồng Phong', 6),
(5801, 'Ngọc Chấn', 6),
(5802, 'Xuân Phương', 6),
(5803, 'Tân Dĩnh', 6),
(5804, 'Lai Thành', 6),
(5805, 'Gia Sàng', 6),
(5806, 'Yển Khê', 6),
(5807, 'Gia Cát', 6),
(5808, 'Kon Dơng', 6),
(5809, 'Thanh Đình', 6),
(5810, 'Công Chính', 6),
(5811, 'Trà Quân', 6),
(5812, 'Triệu Ẩu', 6),
(5813, 'Chiềng Cọ', 6),
(5814, 'Cư Huê', 6),
(5815, 'Ba Vinh', 6),
(5816, 'Đăk Trôi', 6),
(5817, 'Long Giang', 6),
(5818, 'Hữu Lập', 6),
(5819, 'Chiềng Phung', 6),
(5820, 'An Đạo', 6),
(5821, 'Vũ Lễ', 6),
(5822, 'Phan Đình Phùng', 6),
(5823, 'Kim Đính', 6),
(5824, 'Lưỡng Minh', 6),
(5825, 'Vụ Bản', 6),
(5826, 'Hnol', 6),
(5827, 'Cửu Cao', 6),
(5828, 'Đại Hà', 6),
(5829, 'Nậm Chảy', 6),
(5830, 'Cường Lợi', 6),
(5831, 'Bình Thọ', 6),
(5832, 'Đạ Chais', 6),
(5833, 'Tuyên Bình', 6),
(5834, 'Mường Toong', 6),
(5835, 'Ea Hu', 6),
(5836, 'Gáo Giồng', 6),
(5837, 'Quế Trung', 6),
(5838, 'Cúc Phương', 6),
(5839, 'Phước Tuy', 6),
(5840, 'Gia Vân', 6),
(5841, 'Vĩnh Lợi', 6),
(5842, 'Khai Quang', 6),
(5843, 'Thiện Kỵ', 6),
(5844, 'Phương Công', 6),
(5845, 'Hương Quang', 6),
(5846, 'Ninh Thuỷ', 6),
(5847, 'Nhị Mỹ', 6),
(5848, 'Xuân La', 6),
(5849, 'Võ Ninh', 6),
(5850, 'Trà Cang', 6),
(5851, 'Song Mai', 6),
(5852, 'Sơn Phước', 6),
(5853, 'Thuỷ Phương', 6),
(5854, 'Hùng Sơn', 6),
(5855, 'Chiềng Khoong', 6),
(5856, 'Trần Hưng Đạo', 6),
(5857, 'Ca Thành', 6),
(5858, 'Hải Hoà', 6),
(5859, 'Thiện Kế', 6),
(5860, 'Diễn Bình', 6),
(5861, 'Quy Hoá', 6),
(5862, 'Tam Ngọc', 6),
(5863, 'Sam Mứn', 6),
(5864, 'Tráng Việt', 6),
(5865, 'Cương Sơn', 6),
(5866, 'Hợp Đồng', 6),
(5867, 'Hải Quang', 6),
(5868, 'Quỳnh Sơn', 6),
(5869, 'Trung Lập Hạ', 6),
(5870, 'Hồng Đà', 6),
(5871, 'Bản Phố', 6),
(5872, 'Đắk Mâm', 6),
(5873, 'Tây Trạch', 6),
(5874, 'Cường Thịnh', 6),
(5875, 'Đông Thịnh', 6),
(5876, 'Nam Thượng', 6),
(5877, 'Chung Chải', 6),
(5878, 'Tây Vinh', 6),
(5879, 'Quang Thiện', 6),
(5880, 'Kim Bình', 6),
(5881, 'Văn Lem', 6),
(5882, 'Bạch Đằng', 6),
(5883, 'Chu Hoá', 6),
(5884, 'Cấp Tiến', 6),
(5885, 'Tràng An', 6),
(5886, 'Nà Mèo', 6),
(5887, 'Hải Vân', 6),
(5888, 'Trại Chuối', 6),
(5889, 'Trại Cau', 6),
(5890, 'Cúc Đường', 6),
(5891, 'An Lạc', 6),
(5892, 'Hoà Hiệp', 6),
(5893, 'Quảng Nạp', 6),
(5894, 'Gia Huynh', 6),
(5895, 'Đắk N\'Dung', 6),
(5896, 'Phố Mới', 6),
(5897, 'Tủa Chùa', 6),
(5898, 'Hoà Định Đông', 6),
(5899, 'Căn Co', 6),
(5900, 'Hoàng Lâu', 6),
(5901, 'Mỹ Hạnh Nam', 6),
(5902, 'Khuê Mỹ', 6),
(5903, 'Đồng Kho', 6),
(5904, 'Tiên Lãng', 6),
(5905, 'Hy Cương', 6),
(5906, 'Kỳ Đồng', 6),
(5907, 'Nậm Ban', 6),
(5908, 'Minh Hương', 6),
(5909, 'An Tịnh', 6),
(5910, 'Tiên Lãnh', 6),
(5911, 'Mũi Né', 6),
(5912, 'Đăk Long', 6),
(5913, 'Minh Thạnh', 6),
(5914, 'Đắk R\'Tíh', 6),
(5915, 'Phong Phú', 6),
(5916, 'Văn Khúc', 6),
(5917, 'Mỹ Gia', 6),
(5918, 'Quế Ninh', 6),
(5919, 'Đại Tiến', 6),
(5920, 'Quảng Cát', 6),
(5921, 'Dĩnh Trì', 6),
(5922, 'Yang Trung', 6),
(5923, 'Đầm Hà', 6),
(5924, 'Dang Kang', 6),
(5925, 'Cao Trĩ', 6),
(5926, 'Đồng Quang', 6),
(5927, 'Giang Sơn Tây', 6),
(5928, 'Mỹ Thái', 6),
(5929, 'Kim Đường', 6),
(5930, 'Phú Lập', 6),
(5931, 'Phiêng Kôn', 6),
(5932, 'Tiên Ngoại', 6),
(5933, 'Long Trung', 6),
(5934, 'Trà Giáp', 6),
(5935, 'Chiềng Châu', 6),
(5936, 'Trà Giác', 6),
(5937, 'Đồng Khê', 6),
(5938, 'Đồng Bài', 6),
(5939, 'Ea T\'Ling', 6),
(5940, 'Giáo Hiệu', 6),
(5941, 'Bản Vược', 6),
(5942, 'Ngư Lộc', 6),
(5943, 'Hùng Đức', 6),
(5944, 'Yên Thanh', 6),
(5945, 'Bình Định', 6),
(5946, 'Biển Bạch', 6),
(5947, 'Nam Tân', 6),
(5948, 'Tiền Phong', 6),
(5949, 'Sảng Tủng', 6),
(5950, 'Gia Tiến', 6),
(5951, 'Trung Hoà', 6),
(5952, 'Trung Hoá', 6),
(5953, 'Mỹ Lợi', 6),
(5954, 'Hải Nam', 6),
(5955, 'Phi Tô', 6),
(5956, 'Phả Lại', 6),
(5957, 'Phú Kiết', 6),
(5958, 'Văn Lăng', 6),
(5959, 'Quất Lưu', 6),
(5960, 'Na Sang', 6),
(5961, 'Vĩnh Thắng', 6),
(5962, 'Bạch Ngọc', 6),
(5963, 'Suối Ngô', 6),
(5964, 'Trà Bình', 6),
(5965, 'Thông Hoà', 6),
(5966, 'Đường Âm', 6),
(5967, 'Tân Thới Nhất', 6),
(5968, 'Gia Lạc', 6),
(5969, 'Nậm Rạng', 6),
(5970, 'Luận Khê', 6),
(5971, 'Vân Nham', 6),
(5972, 'Ngũ Hiệp', 6),
(5973, 'Nt Nghĩa Lộ', 6),
(5974, 'Lâm Động', 6),
(5975, 'Đông Quí', 6),
(5976, 'Nam Động', 6),
(5977, 'Khánh Long', 6),
(5978, 'Xuân Sơn', 6),
(5979, 'Tân Hoà Tây', 6),
(5980, 'Tam Đàn', 6),
(5981, 'Ea Ral', 6),
(5982, 'Hoằng Tân', 6),
(5983, 'Đức Mạnh', 6),
(5984, 'Hoà Hiệp Nam', 6),
(5985, 'Chư Jôr', 6),
(5986, 'Thạch Trung', 6),
(5987, 'Hiệp Hưng', 6),
(5988, 'Tập Sơn', 6),
(5989, 'Song Giáp', 6),
(5990, 'Đậu Liêu', 6),
(5991, 'Vũ Hội', 6),
(5992, 'Mỹ Đông', 6),
(5993, 'Đoàn Xá', 6),
(5994, 'Phù Lương', 6),
(5995, 'Sơn Trung', 6),
(5996, 'Bá Hiến', 6),
(5997, 'Khôi Kỳ', 6),
(5998, 'Ayun', 6),
(5999, 'Nà Khoa', 6),
(6000, 'Thanh Cao', 6),
(6001, 'Bù Nho', 6),
(6002, 'Tri Phương', 6),
(6003, 'Tam Mỹ Đông', 6),
(6004, 'Đại Hải', 6),
(6005, 'Phụng Châu', 6),
(6006, 'Pá Lau', 6),
(6007, 'Biên Giới', 6),
(6008, 'Ngọc Hoà', 6),
(6009, 'An Linh', 6),
(6010, 'Mường Men', 6),
(6011, 'Duy Hải', 6),
(6012, 'Trương Quang Trọng', 6),
(6013, 'Ba Dinh', 6),
(6014, 'Đội Bình', 6),
(6015, 'Mỹ Hội Đông', 6),
(6016, 'Đắk Sao', 6),
(6017, 'Hồ Xá', 6),
(6018, 'Đồng Khởi', 6),
(6019, 'Vĩnh Thực', 6),
(6020, 'Hiệp Phú', 6),
(6021, 'Định Hưng', 6),
(6022, 'An Thái Đông', 6),
(6023, 'Cát Lâm', 6),
(6024, 'Tu Lý', 6),
(6025, 'Văn Quan', 6),
(6026, 'Minh Châu', 6),
(6027, 'Hải Thiện', 6),
(6028, 'Đồng Lạc', 6),
(6029, 'Bạch Thượng', 6),
(6030, 'Ea H\'Mlay', 6),
(6031, 'Vĩnh Lộc', 6),
(6032, 'Lương Phú', 6),
(6033, 'Hùng Thắng', 6),
(6034, 'Lý Thường Kiệt', 6),
(6035, 'Cổ Lũng', 6),
(6036, 'Tây Hiếu', 6),
(6037, 'Tiến Thắng', 6),
(6038, 'Thường Thạnh', 6),
(6039, 'Nghĩa Chánh', 6),
(6040, 'Cam Hiệp Nam', 6),
(6041, 'Hoà Nhơn', 6),
(6042, 'Phương Sơn', 6),
(6043, 'Trì Quang', 6),
(6044, 'Diên Sơn', 6),
(6045, 'Như Quỳnh', 6),
(6046, 'Trọng Quan', 6),
(6047, 'Gio Thành', 6),
(6048, 'Yên Hồ', 6),
(6049, 'Sen Thuỷ', 6),
(6050, 'Nghĩa Tá', 6),
(6051, 'Tân Công Chí', 6),
(6052, 'Nga Phú', 6),
(6053, 'Hạ Mỗ', 6),
(6054, 'Cư Klông', 6),
(6055, 'Vạn Phước', 6),
(6056, 'Dương Phong', 6),
(6057, 'Tràng Tiền', 6),
(6058, 'Đồng Liên', 6),
(6059, 'Thạnh Yên A', 6),
(6060, 'Vĩnh Sơn', 6),
(6061, 'Đông Cửu', 6),
(6062, 'Thanh Ninh', 6),
(6063, 'Dương Minh Châu', 6),
(6064, 'Điện Hồng', 6),
(6065, 'Tân Phú Đông', 6),
(6066, 'Hoài Hương', 6),
(6067, 'Vĩnh Bình Bắc', 6),
(6068, 'Hà Hiệu', 6),
(6069, 'Vĩnh Hưng A', 6),
(6070, 'Hưng Thịnh', 6),
(6071, 'Kiên Thọ', 6),
(6072, 'Bình Trưng', 6),
(6073, 'Mãn Đức', 6),
(6074, 'Pú Trạng', 6),
(6075, 'Quỳnh Diện', 6),
(6076, 'Mỹ Khánh', 6),
(6077, 'Tân Sỏi', 6),
(6078, 'Lùng Khấu Nhin', 6),
(6079, 'Xiêng My', 6),
(6080, 'Hoà Nam', 6),
(6081, 'Phước Mỹ Trung', 6),
(6082, 'Tăng Tiến', 6),
(6083, 'Lưu Kiếm', 6),
(6084, 'Sa Pả', 6),
(6085, 'Mường Chiềng', 6),
(6086, 'Ngọc Phụng', 6),
(6087, 'Cao Thành', 6),
(6088, 'Vĩnh Phú', 6),
(6089, 'Tam Chung', 6),
(6090, 'Hán Đà', 6),
(6091, 'Ia Pnôn', 6),
(6092, 'Thuỵ Liễu', 6),
(6093, 'Vĩnh Viễn', 6),
(6094, 'Thọ Lập', 6),
(6095, 'Hà Ngọc', 6),
(6096, 'Bình Châu', 6),
(6097, 'Ea Siên', 6),
(6098, 'Bình Chân', 6),
(6099, 'Hưng Long', 6),
(6100, 'Hà Tam', 6),
(6101, 'Xuân Phong', 6),
(6102, 'Triệu Đông', 6),
(6103, 'Ba Chẽ', 6),
(6104, 'Quản Bạ', 6),
(6105, 'Tam Kim', 6),
(6106, 'Trung Mỹ', 6),
(6107, 'Thủ Thiêm', 6),
(6108, 'Lĩnh Sơn', 6),
(6109, 'An Thới', 6),
(6110, 'Tiến Lộc', 6),
(6111, 'Vạn Giã', 6),
(6112, 'Ea Trang', 6),
(6113, 'Địch Giáo', 6),
(6114, 'Vạn Thiện', 6),
(6115, 'Xà Hồ', 6),
(6116, 'Đăk Pling', 6),
(6117, 'Thượng Cường', 6),
(6118, 'Hải Thanh', 6),
(6119, 'An Nghĩa', 6),
(6120, 'Krông Pa', 6),
(6121, 'Mường Bằng', 6),
(6122, 'Nậm Chạc', 6),
(6123, 'Tiên Hưng', 6),
(6124, 'Quang Vinh', 6),
(6125, 'Thành Tâm', 6),
(6126, 'Làng Chếu', 6),
(6127, 'Nghĩa Hiếu', 6),
(6128, 'Lào Cai', 6),
(6129, 'Nghi Kiều', 6),
(6130, 'Đốc Binh Kiều', 6),
(6131, 'Nam Quang', 6),
(6132, 'Thiện Mỹ', 6),
(6133, 'Quỳnh Hồng', 6),
(6134, 'Hoằng Hải', 6),
(6135, 'Thuận Châu', 6),
(6136, 'Kim Bài', 6),
(6137, 'Đoài Côn', 6),
(6138, 'Đông Cương', 6),
(6139, 'Quảng Tiên', 6),
(6140, 'Tả Gia Khâu', 6),
(6141, 'Mỹ Lộc', 6),
(6142, 'Tà Chải', 6),
(6143, 'Trùng Quán', 6),
(6144, 'Phú Thành B', 6),
(6145, 'Phú Thành A', 6),
(6146, 'Phụ Khánh', 6),
(6147, 'Trà Ôn', 6),
(6148, 'Cộng Hiền', 6),
(6149, 'Tân Túc', 6),
(6150, 'Đồng Minh', 6),
(6151, 'Quang Tiến', 6),
(6152, 'Kỳ Thịnh', 6),
(6153, 'Điện Quan', 6),
(6154, 'Quảng Hoà', 6),
(6155, 'Đak Nhau', 6),
(6156, 'Nậm Mằn', 6),
(6157, 'Diên Thạnh', 6),
(6158, 'Tây Thạnh', 6),
(6159, 'Lộc Thuỷ', 6),
(6160, 'Kim Chính', 6),
(6161, 'Hồng Tiến', 6),
(6162, 'Phong Hoà', 6),
(6163, 'Phong Hoá', 6),
(6164, 'Lệ Xá', 6),
(6165, 'Lạc Vệ', 6),
(6166, 'Ia Dreng', 6),
(6167, 'Phúc Khoa', 6),
(6168, 'Du Tiến', 6),
(6169, 'Bàu Chinh', 6),
(6170, 'Đông Hoàng', 6),
(6171, 'Duy Vinh', 6),
(6172, 'Nậm Có', 6),
(6173, 'Ia Hlốp', 6),
(6174, 'Yên Chính', 6),
(6175, 'Cát Nhơn', 6),
(6176, 'Ba Cụm Bắc', 6),
(6177, 'Trường Hà', 6),
(6178, 'Yên Thịnh', 6),
(6179, 'Việt Hưng', 6),
(6180, 'Yên Na', 6),
(6181, 'Thải Giàng Phố', 6),
(6182, 'Yên Khê', 6),
(6183, 'Hà Mãn', 6),
(6184, 'Sàn Viên', 6),
(6185, 'Neo', 6),
(6186, 'Mèo Vạc', 6),
(6187, 'Mỹ Thuỷ', 6),
(6188, 'Mễ Trì', 6),
(6189, 'Giao Tân', 6),
(6190, 'Phúc Khánh', 6),
(6191, 'Ia Jlơi', 6),
(6192, 'Chư Băh', 6),
(6193, 'Hoằng Trường', 6),
(6194, 'Bình Quới', 6),
(6195, 'Sông Nhạn', 6),
(6196, 'Tân Ước', 6),
(6197, 'Cần Yên', 6),
(6198, 'Krông Jing', 6),
(6199, 'Khúc Xuyên', 6),
(6200, 'Mò Ó', 6),
(6201, 'Quỳnh Lâm', 6),
(6202, 'Nghi Tân', 6),
(6203, 'Kỳ Bá', 6),
(6204, 'Thịnh Liệt', 6),
(6205, 'Bạch Lưu', 6),
(6206, 'Núi Sam', 6),
(6207, 'Tủa Thàng', 6),
(6208, 'Đại Quang', 6),
(6209, 'Đồng Phúc', 6),
(6210, 'Sao Đỏ', 6),
(6211, 'Khai Thái', 6),
(6212, 'Đại Phú', 6),
(6213, 'Hải Chánh', 6),
(6214, 'Đại Kim', 6),
(6215, 'Phú Bài', 6),
(6216, 'Mỹ Thạnh An', 6),
(6217, 'Tam Phú', 6),
(6218, 'Cát Quế', 6),
(6219, 'Phù Linh', 6),
(6220, 'Ea Yông', 6),
(6221, 'Tuyết Nghĩa', 6),
(6222, 'Hoàng Việt', 6),
(6223, 'Thăng Long', 6),
(6224, 'Bình Nghị', 6),
(6225, 'Việt Dân', 6),
(6226, 'Gia Trấn', 6),
(6227, 'Trung Chánh', 6),
(6228, 'Lai Hưng', 6),
(6229, 'Đạo Viện', 6),
(6230, 'Cái Nước', 6),
(6231, 'Nghi Phú', 6),
(6232, 'Hoà Châu', 6),
(6233, 'Sơn Mỹ', 6),
(6234, 'Ea Huar', 6),
(6235, 'Sơn Bình', 6),
(6236, 'Lăng Hiếu', 6),
(6237, 'Lục Bình', 6),
(6238, 'Đông Phước A', 6),
(6239, 'Biển Hồ', 6),
(6240, 'Phước Hoà', 6),
(6241, 'Bản Cái', 6),
(6242, 'Chiêu Vũ', 6),
(6243, 'Vĩnh Phương', 6),
(6244, 'Vũ Trung', 6),
(6245, 'Phú An', 6),
(6246, 'Kỳ Thư', 6),
(6247, 'Cẩm An', 6),
(6248, 'Co Mạ', 6),
(6249, 'Hoà Xuân Nam', 6),
(6250, 'Tịnh An', 6),
(6251, 'Mê Pu', 6),
(6252, 'Thanh Nga', 6),
(6253, 'Trà Tập', 6),
(6254, 'Đắk Tơ Kan', 6),
(6255, 'Song Phương', 6),
(6256, 'Tuần Giáo', 6),
(6257, 'Phương Trung', 6),
(6258, 'Quảng Nghiệp', 6),
(6259, 'Nậm Tin', 6),
(6260, 'Sơn Cương', 6);
INSERT INTO `entity_samples` (`id`, `content`, `entity_id`) VALUES
(6261, 'Tây Đô', 6),
(6262, 'Ma Đa Guôi', 6),
(6263, 'Xuân Giang', 6),
(6264, 'Điện Tiến', 6),
(6265, 'Giao Xuân', 6),
(6266, 'Bảo Nam', 6),
(6267, 'Tam Thăng', 6),
(6268, 'Hướng Đạo', 6),
(6269, 'Phước Mỹ', 6),
(6270, 'Thuỵ Hà', 6),
(6271, 'Nam Ban', 6),
(6272, 'Sơn Diệm', 6),
(6273, 'Hoàng Tung', 6),
(6274, 'Mỹ Trạch', 6),
(6275, 'Tân Thanh', 6),
(6276, 'Môn Sơn', 6),
(6277, 'Bưởi', 6),
(6278, 'Cát Hanh', 6),
(6279, 'Chiềng Ơn', 6),
(6280, 'Phạm Văn Cội', 6),
(6281, 'Mường Nọc', 6),
(6282, 'Thuận Lợi', 6),
(6283, 'Huổi Lèng', 6),
(6284, 'Hợp Minh', 6),
(6285, 'Thanh Vân', 6),
(6286, 'Đại Xuyên', 6),
(6287, 'Xuân Cao', 6),
(6288, 'Cô Giang', 6),
(6289, 'Nga Sơn', 6),
(6290, 'Quới Thành', 6),
(6291, 'Thái Hoà', 6),
(6292, 'Kbang', 6),
(6293, 'Sơn Trường', 6),
(6294, 'Văn Nho', 6),
(6295, 'Phương Định', 6),
(6296, 'Cái Rồng', 6),
(6297, 'An Thái', 6),
(6298, 'Hương Phú', 6),
(6299, 'Nước Hai', 6),
(6300, 'Đức Lạng', 6),
(6301, 'Giáp Trung', 6),
(6302, 'Hồng Châu', 6),
(6303, 'Phùng', 6),
(6304, 'Vạn Ninh', 6),
(6305, 'Khánh Khê', 6),
(6306, 'Phường 8', 6),
(6307, 'Phường 9', 6),
(6308, 'Phường 4', 6),
(6309, 'Phường 5', 6),
(6310, 'Phường 6', 6),
(6311, 'Ia Hdreh', 6),
(6312, 'Đứa Mòn', 6),
(6313, 'Phường 1', 6),
(6314, 'Phường 2', 6),
(6315, 'Phường 3', 6),
(6316, 'Sơn Tiến', 6),
(6317, 'Tuyên Thạnh', 6),
(6318, 'Tứ Dân', 6),
(6319, 'Thạch Ngàn', 6),
(6320, 'Yên Mật', 6),
(6321, 'Thượng Mỗ', 6),
(6322, 'Giáp Đắt', 6),
(6323, 'Hành Thiện', 6),
(6324, 'Ea Knuec', 6),
(6325, 'Vĩnh Hội Đông', 6),
(6326, 'Tường Sơn', 6),
(6327, 'Canh Thuận', 6),
(6328, 'Vân Diên', 6),
(6329, 'Đà Vị', 6),
(6330, 'Phú Quý', 6),
(6331, 'Nghĩa Kỳ', 6),
(6332, 'Quảng Trung', 6),
(6333, 'Đức Xuân', 6),
(6334, 'Lãng Sơn', 6),
(6335, 'Thôn Mòn', 6),
(6336, 'Phước Thạnh', 6),
(6337, 'Hồng Gai', 6),
(6338, 'Hán Quảng', 6),
(6339, 'A Rooi', 6),
(6340, 'Kỳ Thọ', 6),
(6341, 'Lâm', 6),
(6342, 'Đa Tốn', 6),
(6343, 'Bảo Lý', 6),
(6344, 'Hồng Trung', 6),
(6345, 'Phước Tỉnh', 6),
(6346, 'Tản Lĩnh', 6),
(6347, 'Bó Mười', 6),
(6348, 'Phú Thạnh', 6),
(6349, 'Đại Mỗ', 6),
(6350, 'Yên Bắc', 6),
(6351, 'Mỹ Đức Tây', 6),
(6352, 'Trực Khang', 6),
(6353, 'Nghi Vạn', 6),
(6354, 'Kinh Dinh', 6),
(6355, 'Suối Hoa', 6),
(6356, 'Thanh Tâm', 6),
(6357, 'Thanh Tân', 6),
(6358, 'Thanh Khai', 6),
(6359, 'Giang Ly', 6),
(6360, 'Thượng Kiệm', 6),
(6361, 'Thành Tân', 6),
(6362, 'Ẳng Nưa', 6),
(6363, 'Vĩnh Khánh', 6),
(6364, 'Hồng Ca', 6),
(6365, 'Lộc Phát', 6),
(6366, 'Yên Sở', 6),
(6367, 'Tịnh Thọ', 6),
(6368, 'Thường Xuân', 6),
(6369, 'Loan Mỹ', 6),
(6370, 'Võ Xu', 6),
(6371, 'Thạch Lập', 6),
(6372, 'Đông Hải 2', 6),
(6373, 'Phi Mô', 6),
(6374, 'Long Hoà', 6),
(6375, 'Chiềng En', 6),
(6376, 'Phương Thạnh', 6),
(6377, 'Ba Đình', 6),
(6378, 'Đắk Choong', 6),
(6379, 'Nông Trường Việt Lâm', 6),
(6380, 'Bình Nghi', 6),
(6381, 'Đào Hữu Cảnh', 6),
(6382, 'Thúc Kháng', 6),
(6383, 'Ia Ga', 6),
(6384, 'Thanh Thịnh', 6),
(6385, 'Ái Thượng', 6),
(6386, 'Trị An', 6),
(6387, 'Quảng Tiến', 6),
(6388, 'Xốp', 6),
(6389, 'Đường Hồng', 6),
(6390, 'Hà Ra', 6),
(6391, 'Trường Giang', 6),
(6392, 'Liên Hợp', 6),
(6393, 'Tân Bắc', 6),
(6394, 'Thới An Hội', 6),
(6395, 'Châu Hạnh', 6),
(6396, 'Hữu Liên', 6),
(6397, 'Khâm Thành', 6),
(6398, 'Tân Mỹ', 6),
(6399, 'Nậm Chầy', 6),
(6400, 'Lai Hoà', 6),
(6401, 'Bình Hàng Tây', 6),
(6402, 'Hướng Sơn', 6),
(6403, 'Khai Trung', 6),
(6404, 'Trà Dơn', 6),
(6405, 'Cô Ngân', 6),
(6406, 'Canh Vinh', 6),
(6407, 'Quang Chiểu', 6),
(6408, 'Sơn Đồng', 6),
(6409, 'Đức Hiệp', 6),
(6410, 'Lực Hành', 6),
(6411, 'Đắk Nông', 6),
(6412, 'Phú Lâm', 6),
(6413, 'Kinh Kệ', 6),
(6414, 'Trường Trung', 6),
(6415, 'Nguyễn Du', 6),
(6416, 'Sa Pa', 6),
(6417, 'Uyên Hưng', 6),
(6418, 'Mỹ Đồng', 6),
(6419, 'Xá Lượng', 6),
(6420, 'Ngọc Liên', 6),
(6421, 'Phù Vân', 6),
(6422, 'Tây Kỳ', 6),
(6423, 'Ngọc Thuận', 6),
(6424, 'Pu Sam Cáp', 6),
(6425, 'Pa Vây Sử', 6),
(6426, 'Mông Ân', 6),
(6427, 'Nâm N\'Jang', 6),
(6428, 'Tứ Hạ', 6),
(6429, 'Tam Quan', 6),
(6430, 'Sơn Tân', 6),
(6431, 'Đắk Liêng', 6),
(6432, 'Nông Thượng', 6),
(6433, 'Châu Thôn', 6),
(6434, 'Cộng Hoà', 6),
(6435, 'Yên Hà', 6),
(6436, 'Sơn Tây', 6),
(6437, 'Minh Sơn', 6),
(6438, 'Dương Đông', 6),
(6439, 'Gia Tân', 6),
(6440, 'Hồng Trị', 6),
(6441, 'Hiền Giang', 6),
(6442, 'Diễn Liên', 6),
(6443, 'Tân Quy Đông', 6),
(6444, 'Thiệu Phú', 6),
(6445, 'Giai Phạm', 6),
(6446, 'Lạc Viên', 6),
(6447, 'Gia Hội', 6),
(6448, 'Sơn Bua', 6),
(6449, 'Tường Đa', 6),
(6450, 'Tân Trường', 6),
(6451, 'Đoàn Lập', 6),
(6452, 'Xuân Minh', 6),
(6453, 'Thái Bảo', 6),
(6454, 'Huy Hạ', 6),
(6455, 'Hùng Lô', 6),
(6456, 'Muội Nọi', 6),
(6457, 'Lạc Hưng', 6),
(6458, 'Đức Tín', 6),
(6459, 'Mỹ Yên', 6),
(6460, 'Đôn Thuận', 6),
(6461, 'Hương Đô', 6),
(6462, 'Quảng Bị', 6),
(6463, 'Định Hiệp', 6),
(6464, 'Kim Hải', 6),
(6465, 'Tượng Sơn', 6),
(6466, 'Chu Túc', 6),
(6467, 'Hưng Lam', 6),
(6468, 'Hải Thành', 6),
(6469, 'Mỹ Thuận', 6),
(6470, 'Na Mèo', 6),
(6471, 'Phan Thanh', 6),
(6472, 'Thái Hà', 6),
(6473, 'Trà Xuân', 6),
(6474, 'Đăk Pơ Pho', 6),
(6475, 'Liêng Srônh', 6),
(6476, 'Phố Là', 6),
(6477, 'Phồn Xương', 6),
(6478, 'Hàng Trạm', 6),
(6479, 'Hừa Ngài', 6),
(6480, 'Buôn Choah', 6),
(6481, 'Trà Dương', 6),
(6482, 'Điền Quang', 6),
(6483, 'Đống Mác', 6),
(6484, 'Kim Bon', 6),
(6485, 'Vân Khánh Tây', 6),
(6486, 'Bằng Hành', 6),
(6487, 'Nam La', 6),
(6488, 'Yên Bồng', 6),
(6489, 'Vinh An', 6),
(6490, 'Tĩnh Hải', 6),
(6491, 'Diên Tân', 6),
(6492, 'Thuỷ Vân', 6),
(6493, 'Noong Hẻo', 6),
(6494, 'Trung Lương', 6),
(6495, 'Hiệp Thạnh', 6),
(6496, 'Lưu Ngọc', 6),
(6497, 'Đắk Pne', 6),
(6498, 'Hoà Lộc', 6),
(6499, 'Thoại Giang', 6),
(6500, 'Xy', 6),
(6501, 'An Quảng Hữu', 6),
(6502, 'Na Khê', 6),
(6503, 'Trung Lèng Hồ', 6),
(6504, 'Bình Hoà Hưng', 6),
(6505, 'Bối Cầu', 6),
(6506, 'Thạnh Đức', 6),
(6507, 'Phố Lu', 6),
(6508, 'Ia Chia', 6),
(6509, 'Giao Thạnh', 6),
(6510, 'Ia Chim', 6),
(6511, 'Ngán Chiên', 6),
(6512, 'Nhơn Ninh', 6),
(6513, 'Thanh Nhàn', 6),
(6514, 'Tam Sơn', 6),
(6515, 'Ngàm Đăng Vài', 6),
(6516, 'Tân Thạch', 6),
(6517, 'Nam Lý', 6),
(6518, 'Thắng Tam', 6),
(6519, 'Liêm Tuyền', 6),
(6520, 'Mai Hùng', 6),
(6521, 'Giao Hương', 6),
(6522, 'Hồng Khê', 6),
(6523, 'Đồng Rui', 6),
(6524, 'Yên Thượng', 6),
(6525, 'Nghi Thái', 6),
(6526, 'Cát Thành', 6),
(6527, 'Vinh Hiền', 6),
(6528, 'Ia Pếch', 6),
(6529, 'Ninh Hà', 6),
(6530, 'Nhà Bàng', 6),
(6531, 'Quán Hàu', 6),
(6532, 'Hưng Đạo', 6),
(6533, 'Gio Quang', 6),
(6534, 'Măng Tố', 6),
(6535, 'Hoà Lạc', 6),
(6536, 'Hợp Tiến', 6),
(6537, 'Xuân Khánh', 6),
(6538, 'Vĩnh Phú Đông', 6),
(6539, 'Bình Sa', 6),
(6540, 'Công Trừng', 6),
(6541, 'Con Cuông', 6),
(6542, 'Hảo Nghĩa', 6),
(6543, 'Mộ Đức', 6),
(6544, 'Sơn Lập', 6),
(6545, 'Ea Tiêu', 6),
(6546, 'Liên Minh', 6),
(6547, 'Thanh Lang', 6),
(6548, 'Long Hựu Tây', 6),
(6549, 'Giáp Bát', 6),
(6550, 'Hưng Vũ', 6),
(6551, 'Cát Hưng', 6),
(6552, 'Hàm Rồng', 6),
(6553, 'Phú Lạc', 6),
(6554, 'Thắng Nhì', 6),
(6555, 'Đức Hoà Thượng', 6),
(6556, 'Minh Đức', 6),
(6557, 'Liêm Hải', 6),
(6558, 'Yên Bài', 6),
(6559, 'Vĩnh Châu A', 6),
(6560, 'Long Cốc', 6),
(6561, 'Tân Nam', 6),
(6562, 'Hiệp An', 6),
(6563, 'Chân Lý', 6),
(6564, 'Tam Quan Nam', 6),
(6565, 'Phổ Hoà', 6),
(6566, 'Phan Tiến', 6),
(6567, 'Bắc Lương', 6),
(6568, 'Trung Xuân', 6),
(6569, 'Sủng Tráng', 6),
(6570, 'Châu Bình', 6),
(6571, 'Giao Tiến', 6),
(6572, 'Hải Tây', 6),
(6573, 'Phương Đông', 6),
(6574, 'Dang', 6),
(6575, 'Hải Tân', 6),
(6576, 'Cư Pui', 6),
(6577, 'Nếnh', 6),
(6578, 'Vọng Thê', 6),
(6579, 'Tình Húc', 6),
(6580, 'Thuỵ Lương', 6),
(6581, 'Tương Giang', 6),
(6582, 'Yên Lãng', 6),
(6583, 'Bình Phước Xuân', 6),
(6584, 'Trung Giã', 6),
(6585, 'Cổ Linh', 6),
(6586, 'Cẩm Thăng', 6),
(6587, 'Nghi Đồng', 6),
(6588, 'Dương Quan', 6),
(6589, 'Văn Nghĩa', 6),
(6590, 'Minh Đạo', 6),
(6591, 'Bình Thạnh Đông', 6),
(6592, 'Lộ 25', 6),
(6593, 'Thuỵ Văn', 6),
(6594, 'Bát Xát', 6),
(6595, 'Cà Nàng', 6),
(6596, 'Kim Xá', 6),
(6597, 'Pơng Drang', 6),
(6598, 'Cốc Pài', 6),
(6599, 'Tiên Kiều', 6),
(6600, 'Trung Lập', 6),
(6601, 'Chân Sơn', 6),
(6602, 'Nhân Trạch', 6),
(6603, 'Tân Tác', 6),
(6604, 'Hưng Tây', 6),
(6605, 'Tân Hợp', 6),
(6606, 'Xương Lâm', 6),
(6607, 'Tân Khai', 6),
(6608, 'Hưng Tân', 6),
(6609, 'Đăk Năng', 6),
(6610, 'Cẩm Nhượng', 6),
(6611, 'Chính Lý', 6),
(6612, 'Cán Chu Phìn', 6),
(6613, 'Bản Phùng', 6),
(6614, 'Yên Lạc', 6),
(6615, 'Nà Nhạn', 6),
(6616, 'Mỹ Quý Tây', 6),
(6617, 'Cẩm Hải', 6),
(6618, 'Cam Thành Nam', 6),
(6619, 'Quán Triều', 6),
(6620, 'Cát Tường', 6),
(6621, 'Kinh Bắc', 6),
(6622, 'Đức Lập Thượng', 6),
(6623, 'Kan Hồ', 6),
(6624, 'Bảo Ái', 6),
(6625, 'Nga Hoàng', 6),
(6626, 'Hồng An', 6),
(6627, 'Xuân Mãn', 6),
(6628, 'Hữu Vĩnh', 6),
(6629, 'Nga Văn', 6),
(6630, 'Bản Lang', 6),
(6631, 'Liên Chung', 6),
(6632, 'Đa Phước', 6),
(6633, 'Suối Bạc', 6),
(6634, 'Phong Thạnh Tây', 6),
(6635, 'Keo Lôm', 6),
(6636, 'Xuân Tường', 6),
(6637, 'Văn Môn', 6),
(6638, 'Duy Phiên', 6),
(6639, 'Thống Nhất', 6),
(6640, 'Bình Hưng Hoà', 6),
(6641, 'Tam Văn', 6),
(6642, 'Ea Bá', 6),
(6643, 'Hà Tu', 6),
(6644, 'M\'Đrắk', 6),
(6645, 'Ta Ma', 6),
(6646, 'Tân Thông Hội', 6),
(6647, 'Phước Thái', 6),
(6648, 'Chương Xá', 6),
(6649, 'Hợp Thành', 6),
(6650, 'Mong Thọ B', 6),
(6651, 'Rạch Sỏi', 6),
(6652, 'Mong Thọ A', 6),
(6653, 'Thanh Hà', 6),
(6654, 'Tân Mộc', 6),
(6655, 'Thượng Phùng', 6),
(6656, 'Đại Lào', 6),
(6657, 'Thạch Cẩm', 6),
(6658, 'Gia Mô', 6),
(6659, 'Thành Thới B', 6),
(6660, 'Thành Thới A', 6),
(6661, 'Long Phước', 6),
(6662, 'Ia Rong', 6),
(6663, 'Thanh Vận', 6),
(6664, 'Mộ Lao', 6),
(6665, 'Phù Ninh', 6),
(6666, 'Phùng Hưng', 6),
(6667, 'Buôn Tría', 6),
(6668, 'Bình Nguyên', 6),
(6669, 'Hoà Hải', 6),
(6670, 'Hoà Tân Đông', 6),
(6671, 'Tây Lộc', 6),
(6672, 'Lương Thiện', 6),
(6673, 'Nguyễn Nghiêm', 6),
(6674, 'Phiêng Khoài', 6),
(6675, 'Yên Nhân', 6),
(6676, 'Châu Văn Liêm', 6),
(6677, 'Quang Trung', 6),
(6678, 'Hợp Giang', 6),
(6679, 'Hoà Long', 6),
(6680, 'Bách Khoa', 6),
(6681, 'Lâm Ca', 6),
(6682, 'Thổ Quan', 6),
(6683, 'Tân Thạnh Tây', 6),
(6684, 'Mỹ Quang', 6),
(6685, 'Cảm Nhân', 6),
(6686, 'Diên Thọ', 6),
(6687, 'Bắc Lũng', 6),
(6688, 'Quảng Phương', 6),
(6689, 'Đông Bắc', 6),
(6690, 'Sông Khoai', 6),
(6691, 'Kông Htok', 6),
(6692, 'Sùng Đô', 6),
(6693, 'An Ninh', 6),
(6694, 'Thượng Trạch', 6),
(6695, 'Thái Đô', 6),
(6696, 'Lạc Lương', 6),
(6697, 'Ỷ La', 6),
(6698, 'Khánh Cường', 6),
(6699, 'Đồn Đạc', 6),
(6700, 'Lục Dạ', 6),
(6701, 'Thanh Ngọc', 6),
(6702, 'Minh Chuẩn', 6),
(6703, 'Ia Khươl', 6),
(6704, 'An Nông', 6),
(6705, 'Tự An', 6),
(6706, 'Tân  Khánh Trung', 6),
(6707, 'Quế Cường', 6),
(6708, 'Thanh Đồng', 6),
(6709, 'Thài Phìn Tủng', 6),
(6710, 'Phố Huế', 6),
(6711, 'Vĩnh Lộc B', 6),
(6712, 'Tr\'Hy', 6),
(6713, 'Cảm Ân', 6),
(6714, 'Ngọc Lập', 6),
(6715, 'Tô Hạp', 6),
(6716, 'Châu Minh', 6),
(6717, 'Yên Lễ', 6),
(6718, 'Tứ Xuyên', 6),
(6719, 'Ia Yok', 6),
(6720, 'Côn Lôn', 6),
(6721, 'Phụng Công', 6),
(6722, 'Xuân Lương', 6),
(6723, 'Đạo Thạnh', 6),
(6724, 'Gia Ray', 6),
(6725, 'Cái Tắc', 6),
(6726, 'Hữu Văn', 6),
(6727, 'Hải Lạng', 6),
(6728, 'Mỹ Phước', 6),
(6729, 'Sông Cầu', 6),
(6730, 'Ea Lâm', 6),
(6731, 'Đắk Plô', 6),
(6732, 'Kiện Khê', 6),
(6733, 'An Cầu', 6),
(6734, 'Hải An', 6),
(6735, 'Địa Linh', 6),
(6736, 'Hương Cần', 6),
(6737, 'Vân Trung', 6),
(6738, 'Xuân Lễ', 6),
(6739, 'Sơ Pai', 6),
(6740, 'Pắc Ta', 6),
(6741, 'Đình Phùng', 6),
(6742, 'Ia Khai', 6),
(6743, 'Vinh Tiền', 6),
(6744, 'Ea Hồ', 6),
(6745, 'Lộc Sơn', 6),
(6746, 'Đản Ván', 6),
(6747, 'Diễn An', 6),
(6748, 'Ia Băng', 6),
(6749, 'Ô Long Vỹ', 6),
(6750, 'Chế Tạo', 6),
(6751, 'Nam Lợi', 6),
(6752, 'Văn Điển', 6),
(6753, 'Yang Reh', 6),
(6754, 'Bế Triều', 6),
(6755, 'Xuân Lẹ', 6),
(6756, 'Bồ Đề', 6),
(6757, 'Hoà Phong', 6),
(6758, 'Trường Thịnh', 6),
(6759, 'Lạch Tray', 6),
(6760, 'Thanh Lương', 6),
(6761, 'Thanh Định', 6),
(6762, 'Mường Sang', 6),
(6763, 'Hoà Thạnh', 6),
(6764, 'Cam Phước Đông', 6),
(6765, 'Ia Phang', 6),
(6766, 'Khuất Xá', 6),
(6767, 'Đôn Xuân', 6),
(6768, 'Dương Quỳ', 6),
(6769, 'Quang Phú', 6),
(6770, 'Hoàng Thanh', 6),
(6771, 'Na Ngoi', 6),
(6772, 'Ngân Thuỷ', 6),
(6773, 'Ea Tir', 6),
(6774, 'Tân Lý Đông', 6),
(6775, 'Đại Nài', 6),
(6776, 'Văn Hán', 6),
(6777, 'Vĩnh Châu', 6),
(6778, 'Đồng Quý', 6),
(6779, 'Quảng Hùng', 6),
(6780, 'Đạm Bri', 6),
(6781, 'Ya Tăng', 6),
(6782, 'Yên Phúc', 6),
(6783, 'Thuần Hưng', 6),
(6784, 'Đạo Lý', 6),
(6785, 'Huyền Hội', 6),
(6786, 'Đề Thám', 6),
(6787, 'Vĩnh Lập', 6),
(6788, 'Thạch Lương', 6),
(6789, 'Bình Phan', 6),
(6790, 'Quài Nưa', 6),
(6791, 'Nguyễn Thái Học', 6),
(6792, 'Thái Nguyên', 6),
(6793, 'Phước An', 6),
(6794, 'Quảng Khê', 6),
(6795, 'Hàm Cường', 6),
(6796, 'Hoà Chính', 6),
(6797, 'Phước Đức', 6),
(6798, 'Thành Vân', 6),
(6799, 'Phạm Ngũ Lão', 6),
(6800, 'Thạnh Yên', 6),
(6801, 'Ân Nghĩa', 6),
(6802, 'Tân Thọ', 6),
(6803, 'Phước Lâm', 6),
(6804, 'Đak Smar', 6),
(6805, 'Thạch Hải', 6),
(6806, 'Quảng Chu', 6),
(6807, 'Hương Mỹ', 6),
(6808, 'Ân Sơn', 6),
(6809, 'Phong Sơn', 6),
(6810, 'Thuỵ Phúc', 6),
(6811, 'Hoà Khê', 6),
(6812, 'Thanh Khê Tây', 6),
(6813, 'Phước Xuân', 6),
(6814, 'Minh Đài', 6),
(6815, 'Đông Cứu', 6),
(6816, 'Thanh Minh', 6),
(6817, 'Cái Nhum', 6),
(6818, 'Long Kiến', 6),
(6819, 'Quảng Nhân', 6),
(6820, 'Nga An', 6),
(6821, 'Cam Thịnh Đông', 6),
(6822, 'Ea M\'Dróh', 6),
(6823, 'Cẩm Châu', 6),
(6824, 'Đình Cao', 6),
(6825, 'Thịnh Đức', 6),
(6826, 'Hậu Thạnh Đông', 6),
(6827, 'Hồ Đắc Kiện', 6),
(6828, 'Kỳ Hợp', 6),
(6829, 'Quan Hoá', 6),
(6830, 'Phước Đại', 6),
(6831, 'Hành Tín  Đông', 6),
(6832, 'Tăng Nhơn Phú A', 6),
(6833, 'Tăng Nhơn Phú B', 6),
(6834, 'Lý Nhân', 6),
(6835, 'Quảng Trị', 6),
(6836, 'Tả Ngải Chồ', 6),
(6837, 'Phùng Giáo', 6),
(6838, 'Tân Quy Tây', 6),
(6839, 'Thới Hưng', 6),
(6840, 'Thanh Tuyền', 6),
(6841, 'Trung Tự', 6),
(6842, 'Trí Bình', 6),
(6843, 'Quảng Hà', 6),
(6844, 'Chu Trinh', 6),
(6845, 'Đại Cương', 6),
(6846, 'Thọ Hợp', 6),
(6847, 'Nậm Cha', 6),
(6848, 'Bình Thanh Đông', 6),
(6849, 'Co Tòng', 6),
(6850, 'Nghi Hưng', 6),
(6851, 'Hoằng Trung', 6),
(6852, 'Xuân Dục', 6),
(6853, 'Ngũ Kiên', 6),
(6854, 'Mỹ An', 6),
(6855, 'Sơn Lang', 6),
(6856, 'Hoằng Trạch', 6),
(6857, 'Biển Động', 6),
(6858, 'Kim Hỷ', 6),
(6859, 'Lương Bình', 6),
(6860, 'Quan Hoa', 6),
(6861, 'Yên Mạc', 6),
(6862, 'Mai Châu', 6),
(6863, 'Cam An Bắc', 6),
(6864, 'Giếng Đáy', 6),
(6865, 'Đông Cuông', 6),
(6866, 'Văn Miếu', 6),
(6867, 'Phúc Trạch', 6),
(6868, 'Hoàng Hoa', 6),
(6869, 'Nậm Chà', 6),
(6870, 'Tân Chánh Hiệp', 6),
(6871, 'Xuân Lộc', 6),
(6872, 'Nhạo Sơn', 6),
(6873, 'Sông Xoài', 6),
(6874, 'Thành Lợi', 6),
(6875, 'Thạch Hội', 6),
(6876, 'Khâm Thiên', 6),
(6877, 'Yên Hải', 6),
(6878, 'Hương Giang', 6),
(6879, 'Ngọc Thanh', 6),
(6880, 'Chí Công', 6),
(6881, 'Ea Pốk', 6),
(6882, 'Phú Chánh', 6),
(6883, 'Đoan Bái', 6),
(6884, 'Ninh Điền', 6),
(6885, 'Mường Ảng', 6),
(6886, 'Thượng Hiền', 6),
(6887, 'Trung Liệt', 6),
(6888, 'Song Phượng', 6),
(6889, 'Nhơn Bình', 6),
(6890, 'Nghĩa Lâm', 6),
(6891, 'Thị Nại', 6),
(6892, 'Tăng Thành', 6),
(6893, 'Thần Xa', 6),
(6894, 'Tường Phù', 6),
(6895, 'Tân Hạnh', 6),
(6896, 'Khuyến Nông', 6),
(6897, 'Yên Bằng', 6),
(6898, 'Tứ Cường', 6),
(6899, 'Văn Bán', 6),
(6900, 'Ba Cung', 6),
(6901, 'Krông Nô', 6),
(6902, 'Thuỵ Dương', 6),
(6903, 'Thạch Lạc', 6),
(6904, 'Mỹ Bằng', 6),
(6905, 'Cầu Thia', 6),
(6906, 'Trí Quả', 6),
(6907, 'Ia Pết', 6),
(6908, 'Lũng Vân', 6),
(6909, 'Nghi Hương', 6),
(6910, 'Sơn Cẩm', 6),
(6911, 'Chiềng An', 6),
(6912, 'Tuân Tức', 6),
(6913, 'Quỳnh Xá', 6),
(6914, 'Mã Đà', 6),
(6915, 'Hiệp Bình Chánh', 6),
(6916, 'Cái Bè', 6),
(6917, 'Mỹ Quý', 6),
(6918, 'Lương Điền', 6),
(6919, 'Quỳnh Phương', 6),
(6920, 'Hậu Nghĩa', 6),
(6921, 'Đại Chánh', 6),
(6922, 'Kỳ Hoa', 6),
(6923, 'Vĩnh Trinh', 6),
(6924, 'Hoà Cường Nam', 6),
(6925, 'Sơn Lộc', 6),
(6926, 'Chiềng Sàng', 6),
(6927, 'Thạch Hoá', 6),
(6928, 'Đông Hưng A', 6),
(6929, 'Đông Hưng B', 6),
(6930, 'Mã Thành', 6),
(6931, 'Bình Hàng Trung', 6),
(6932, 'Mường Tè', 6),
(6933, 'Mỹ Lợi B', 6),
(6934, 'Đức Ninh', 6),
(6935, 'Mỹ Lợi A', 6),
(6936, 'Phố Ràng', 6),
(6937, 'Châu Tiến', 6),
(6938, 'Xuân Du', 6),
(6939, 'Quang Châu', 6),
(6940, 'Ba Giang', 6),
(6941, 'Tiên Nha', 6),
(6942, 'Trường Long Tây', 6),
(6943, 'Đắk Glei', 6),
(6944, 'Long Trường', 6),
(6945, 'Hồng Giang', 6),
(6946, 'Vĩnh Hiệp', 6),
(6947, 'Thọ Tân', 6),
(6948, 'Ea Ktur', 6),
(6949, 'Hố Quáng Phìn', 6),
(6950, 'Hoàng Hải', 6),
(6951, 'Nghĩa Xuân', 6),
(6952, 'Bình Trinh Đông', 6),
(6953, 'Dĩnh Kế', 6),
(6954, 'Pom Lót', 6),
(6955, 'Ea Blang', 6),
(6956, 'Dìn Chin', 6),
(6957, 'Ninh Thân', 6),
(6958, 'Đồng Tâm', 6),
(6959, 'Thượng Tiến', 6),
(6960, 'Đức Thuỷ', 6),
(6961, 'Hồ Thị Kỷ', 6),
(6962, 'Liêm Sơn', 6),
(6963, 'Lăng', 6),
(6964, 'Công Bằng', 6),
(6965, 'Khai Sơn', 6),
(6966, 'Thượng Long', 6),
(6967, 'Ia Din', 6),
(6968, 'Cẩm Thành', 6),
(6969, 'Ngũ Phúc', 6),
(6970, 'Tân Hưng Tây', 6),
(6971, 'Liên Hương', 6),
(6972, 'Giao Thịnh', 6),
(6973, 'Bồng Am', 6),
(6974, 'Tân Đồng', 6),
(6975, 'Trung Hiệp', 6),
(6976, 'Ma Lâm', 6),
(6977, 'An Thành', 6),
(6978, 'Glar', 6),
(6979, 'Mong Thọ', 6),
(6980, 'Vĩnh Điều', 6),
(6981, 'Hợp Thanh', 6),
(6982, 'Vĩ Thượng', 6),
(6983, 'Thanh Nê', 6),
(6984, 'Vần Chải', 6),
(6985, 'Trung Lễ', 6),
(6986, 'Chiềng Hặc', 6),
(6987, 'Máy Chai', 6),
(6988, 'Kế Sách', 6),
(6989, 'Tà Si Láng', 6),
(6990, 'Thọ Nghiệp', 6),
(6991, 'Vĩnh Trường', 6),
(6992, 'Phú Diễn', 6),
(6993, 'Tử Đà', 6),
(6994, 'Bình Thanh Tây', 6),
(6995, 'Thuận Hưng', 6),
(6996, 'Tân Thạnh Đông', 6),
(6997, 'Kiến Bình', 6),
(6998, 'Long Châu', 6),
(6999, 'Yên Đồng', 6),
(7000, 'Nhật Quang', 6),
(7001, 'Thạnh Phước', 6),
(7002, 'Phước Thuận', 6),
(7003, 'An Vĩnh Ngãi', 6),
(7004, 'Hua Bun', 6),
(7005, 'Thanh Bình', 6),
(7006, 'Quảng Trạch', 6),
(7007, 'Ma Nới', 6),
(7008, 'Xuân Quang', 6),
(7009, 'Cửa Bắc', 6),
(7010, 'Cẩm Giàng', 6),
(7011, 'An Hồng', 6),
(7012, 'Hoa Lộc', 6),
(7013, 'Thạch Vĩnh', 6),
(7014, 'Tân Đoàn', 6),
(7015, 'Tòng Lệnh', 6),
(7016, 'An Phụ', 6),
(7017, 'Hoà Đồng', 6),
(7018, 'Yên Thành', 6),
(7019, 'Phú Phụng', 6),
(7020, 'An Nhựt Tân', 6),
(7021, 'Thới Thạnh', 6),
(7022, 'Văn Võ', 6),
(7023, 'Văn Hải', 6),
(7024, 'Cam Thịnh Tây', 6),
(7025, 'Làng Nhì', 6),
(7026, 'Ân Hảo Đông', 6),
(7027, 'Vĩnh Hậu', 6),
(7028, 'Bình Yên', 6),
(7029, 'Yên Phương', 6),
(7030, 'Sông Hiến', 6),
(7031, 'Gôi', 6),
(7032, 'Tà Hộc', 6),
(7033, 'Sông Trầu', 6),
(7034, 'Tân Tri', 6),
(7035, 'Thạnh Lộc', 6),
(7036, 'Nam Hà', 6),
(7037, 'Thành Phước', 6),
(7038, 'Lương Thông', 6),
(7039, 'Tây Yên', 6),
(7040, 'Hà Toại', 6),
(7041, 'Tả Phời', 6),
(7042, 'An Lão', 6),
(7043, 'Nà Khương', 6),
(7044, 'Chi Lăng Bắc', 6),
(7045, 'Hoà Chung', 6),
(7046, 'Ngô Thì Nhậm', 6),
(7047, 'Hải Thái', 6),
(7048, 'Đăk Ngọk', 6),
(7049, 'Hồng Quảng', 6),
(7050, 'Sơn Thành Đông', 6),
(7051, 'An Phú Thuận', 6),
(7052, 'Ngọc Trạo', 6),
(7053, 'Phong Nậm', 6),
(7054, 'Phường 16', 6),
(7055, 'Phường 17', 6),
(7056, 'Phường 14', 6),
(7057, 'Phường 15', 6),
(7058, 'Phường 12', 6),
(7059, 'Phường 13', 6),
(7060, 'Phường 10', 6),
(7061, 'Phường 11', 6),
(7062, 'Phường 18', 6),
(7063, 'Phường 19', 6),
(7064, 'Hàm Kiệm', 6),
(7065, 'Minh Thuận', 6),
(7066, 'Nhơn Đức', 6),
(7067, 'Bát Mọt', 6),
(7068, 'Hoa Nam', 6),
(7069, 'Quán Lào', 6),
(7070, 'Liên Ninh', 6),
(7071, 'Cửa Dương', 6),
(7072, 'Duy Trung', 6),
(7073, 'Lâm San', 6),
(7074, 'Hoằng Phượng', 6),
(7075, 'Mường Khong', 6),
(7076, 'Canh Tân', 6),
(7077, 'Kim Lan', 6),
(7078, 'Nhơn Tân', 6),
(7079, 'Vạn Thái', 6),
(7080, 'Văn Hội', 6),
(7081, 'Ngọc Động', 6),
(7082, 'Bình Chuẩn', 6),
(7083, 'Vũ Lạc', 6),
(7084, 'Lương Thịnh', 6),
(7085, 'Quang Hưng', 6),
(7086, 'Công Sơn', 6),
(7087, 'Liên Châu', 6),
(7088, 'Minh Hưng', 6),
(7089, 'Hiền Quan', 6),
(7090, 'Tĩnh Bắc', 6),
(7091, 'Thốt Nốt', 6),
(7092, 'Hoà Kiến', 6),
(7093, 'Sơn Hạ', 6),
(7094, 'Xuân Lôi', 6),
(7095, 'Đông Anh', 6),
(7096, 'Vân Trình', 6),
(7097, 'Hộ Đáp', 6),
(7098, 'Đắk Drông', 6),
(7099, 'Nậm Sài', 6),
(7100, 'Tư Nghĩa', 6),
(7101, 'Trần Đăng Ninh', 6),
(7102, 'Đắk Mar', 6),
(7103, 'Tu Mơ Rông', 6),
(7104, 'Kim Nỗ', 6),
(7105, 'Việt Quang', 6),
(7106, 'Diễn Phong', 6),
(7107, 'Thành Thọ', 6),
(7108, 'Bắc Bình', 6),
(7109, 'Trà Lồng', 6),
(7110, 'Phú Nhuận', 6),
(7111, 'Điềm Thuỵ', 6),
(7112, 'Trung Trực', 6),
(7113, 'Long Thành Bắc', 6),
(7114, 'I A Cờ Ring', 6),
(7115, 'Vân Đồn', 6),
(7116, 'Nam Xuân', 6),
(7117, 'Cẩm Phong', 6),
(7118, 'Niêm Tòng', 6),
(7119, 'Vân Nam', 6),
(7120, 'Hoà Hiếu', 6),
(7121, 'Quỳnh Thiện', 6),
(7122, 'Thạch Xá', 6),
(7123, 'Tú An', 6),
(7124, 'Tống Trân', 6),
(7125, 'Xuân Khanh', 6),
(7126, 'Quỳnh Bảo', 6),
(7127, 'Hồng Thượng', 6),
(7128, 'Phước Năng', 6),
(7129, 'Mường Và', 6),
(7130, 'Hà Lang', 6),
(7131, 'Nậm Tỵ', 6),
(7132, 'Nghĩa Mỹ', 6),
(7133, 'Thành Vinh', 6),
(7134, 'Tượng Văn', 6),
(7135, 'Linh Trung', 6),
(7136, 'Quảng Xương', 6),
(7137, 'Quê Mỹ Thạnh', 6),
(7138, 'Bắc Thuỷ', 6),
(7139, 'Tả Ván', 6),
(7140, 'Tây Đằng', 6),
(7141, 'Tịnh Thiện', 6),
(7142, 'An Thạnh Nam', 6),
(7143, 'Mỹ Xá', 6),
(7144, 'Tân Uyên', 6),
(7145, 'Hàm Tân', 6),
(7146, 'Văn Phong', 6),
(7147, 'Điện Thắng Trung', 6),
(7148, 'Thái Ninh', 6),
(7149, 'Tân Phước Tây', 6),
(7150, 'Văn Khê', 6),
(7151, 'Thọ Xuân', 6),
(7152, 'Thạch Bằng', 6),
(7153, 'Đắk Wer', 6),
(7154, 'Mường Pồn', 6),
(7155, 'Sủng Trà', 6),
(7156, 'Văn Lang', 6),
(7157, 'Mường Vi', 6),
(7158, 'Đông Minh', 6),
(7159, 'Bắc Ái', 6),
(7160, 'Bưng Riềng', 6),
(7161, 'Thuỷ Triều', 6),
(7162, 'Lại Xuân', 6),
(7163, 'Vũ Lâm', 6),
(7164, 'Thuỷ Lương', 6),
(7165, 'Đồng Tiến', 6),
(7166, 'Bảo Đài', 6),
(7167, 'Di Linh', 6),
(7168, 'Xuân Tăng', 6),
(7169, 'Quế Long', 6),
(7170, 'Thiện Tân', 6),
(7171, 'Ninh Bình', 6),
(7172, 'Hoà Chánh', 6),
(7173, 'Minh Tiến', 6),
(7174, 'An Ấp', 6),
(7175, 'Thuận Phước', 6),
(7176, 'Vân Cơ', 6),
(7177, 'Thiệu Vận', 6),
(7178, 'La Dạ', 6),
(7179, 'Nt Việt Trung', 6),
(7180, 'Kiên Thành', 6),
(7181, 'Tân Thới Hoà', 6),
(7182, 'Hoàng Diệu', 6),
(7183, 'Pa Cheo', 6),
(7184, 'Thuận Giao', 6),
(7185, 'Hiền Đa', 6),
(7186, 'Trạm Hành', 6),
(7187, 'Lộc Bắc', 6),
(7188, 'Phượng Sơn', 6),
(7189, 'Lâm Hoá', 6),
(7190, 'Trường Thành', 6),
(7191, 'Ngọc Minh', 6),
(7192, 'Vũ Loan', 6),
(7193, 'Tân Dân', 6),
(7194, 'Tứ Trưng', 6),
(7195, 'Sông Bằng', 6),
(7196, 'Thanh Xuân', 6),
(7197, 'Eatrol', 6),
(7198, 'Ngọc Xá', 6),
(7199, 'Phấn Mễ', 6),
(7200, 'Quỳnh Thắng', 6),
(7201, 'Thạch Kênh', 6),
(7202, 'Huổi Lếnh', 6),
(7203, 'Đinh Xá', 6),
(7204, 'Phình Hồ', 6),
(7205, 'Triệu Trạch', 6),
(7206, 'Ân Hữu', 6),
(7207, 'Vĩnh Bình', 6),
(7208, 'Ninh Quang', 6),
(7209, 'Hoằng Cát', 6),
(7210, 'Hoàng Hoa Thám', 6),
(7211, 'Phổng Lăng', 6),
(7212, 'Hoàng Cương', 6),
(7213, 'Nghĩa Phúc', 6),
(7214, 'Đăk Roong', 6),
(7215, 'Chính Nghĩa', 6),
(7216, 'Cư Prao', 6),
(7217, 'Đàm Thuỷ', 6),
(7218, 'Tiên Tiến', 6),
(7219, 'Đông Cao', 6),
(7220, 'Đắk Kan', 6),
(7221, 'Ia Dom', 6),
(7222, 'Hóc Môn', 6),
(7223, 'Chiềng Ngần', 6),
(7224, 'Lan Giới', 6),
(7225, 'Quang Hiến', 6),
(7226, 'Lại Yên', 6),
(7227, 'Rạch Gòi', 6),
(7228, 'An Khánh', 6),
(7229, 'Long Thành Nam', 6),
(7230, 'Mỹ Phước Tây', 6),
(7231, 'Vĩnh Điện', 6),
(7232, 'Bình Khê', 6),
(7233, 'Tú Trĩ', 6),
(7234, 'Khánh An', 6),
(7235, 'Mỹ Hương', 6),
(7236, 'Mậu Duệ', 6),
(7237, 'Laêê', 6),
(7238, 'Nà Pó', 6),
(7239, 'Phú Mỹ Hưng', 6),
(7240, 'Khánh Bình Tây', 6),
(7241, 'Cẩm Lạc', 6),
(7242, 'Bình Quế', 6),
(7243, 'Thạnh Bắc', 6),
(7244, 'Châu Điền', 6),
(7245, 'Thái Hồng', 6),
(7246, 'Tương Bình Hiệp', 6),
(7247, 'Yên Xá', 6),
(7248, 'Nà Tấu', 6),
(7249, 'Trúc Lâm', 6),
(7250, 'Đại Đồng Thành', 6),
(7251, 'An Sơn', 6),
(7252, 'Chiềng Kheo', 6),
(7253, 'Trúc Lâu', 6),
(7254, 'Bản Máy', 6),
(7255, 'Dũng Liệt', 6),
(7256, 'Nam Sách', 6),
(7257, 'Ia Kdăm', 6),
(7258, 'Khánh Hội', 6),
(7259, 'Thanh Quân', 6),
(7260, 'Mỹ Hiệp', 6),
(7261, 'Tà Long', 6),
(7262, 'Việt Xuân', 6),
(7263, 'Ninh Quới A', 6),
(7264, 'Vĩnh Tân', 6),
(7265, 'Ninh Gia', 6),
(7266, 'Nam Ninh', 6),
(7267, 'Jơ Ngây', 6),
(7268, 'Hoà Lợi', 6),
(7269, 'Lộc Tân', 6),
(7270, 'Hoằng Đức', 6),
(7271, 'Chư Hdrông', 6),
(7272, 'Cao Ngạn', 6),
(7273, 'Như Khuê', 6),
(7274, 'Dũng Nghĩa', 6),
(7275, 'Nga Thiện', 6),
(7276, 'Ghềnh Ráng', 6),
(7277, 'Phan Dũng', 6),
(7278, 'Yên Viên', 6),
(7279, 'Nhị Khê', 6),
(7280, 'Đăk Tơ Pang', 6),
(7281, 'Đông Lĩnh', 6),
(7282, 'Khâm Đức', 6),
(7283, 'Xuân Quỳ', 6),
(7284, 'Trí Phải', 6),
(7285, 'Mản Thẩn', 6),
(7286, 'Khao Mang', 6),
(7287, 'Đông Kết', 6),
(7288, 'Phỏng Lái', 6),
(7289, 'Giao Hải', 6),
(7290, 'Hàm Trí', 6),
(7291, 'Trà Trung', 6),
(7292, 'Cửa Việt', 6),
(7293, 'Đoàn Thượng', 6),
(7294, 'Xuân Quế', 6),
(7295, 'Lộc Phú', 6),
(7296, 'Thuận Sơn', 6),
(7297, 'Đà Bắc', 6),
(7298, 'Cư Drăm', 6),
(7299, 'Phúc Ứng', 6),
(7300, 'Nậm Lầu', 6),
(7301, 'Hoàng Trĩ', 6),
(7302, 'Nông Cống', 6),
(7303, 'Quý Quân', 6),
(7304, 'Tứ Liên', 6),
(7305, 'Tích Giang', 6),
(7306, 'Thuỵ Lôi', 6),
(7307, 'Bắc Phú', 6),
(7308, 'Hoả Lựu', 6),
(7309, 'Đại Sảo', 6),
(7310, 'Tiến Thuỷ', 6),
(7311, 'Cẩm Giang', 6),
(7312, 'Thuận Lộc', 6),
(7313, 'Thạch Thang', 6),
(7314, 'Vạn Sơn', 6),
(7315, 'Tân Bằng', 6),
(7316, 'Thạch Thanh', 6),
(7317, 'An Lộc', 6),
(7318, 'Mường Lống', 6),
(7319, 'Vị Bình', 6),
(7320, 'Nông Trường', 6),
(7321, 'Pró', 6),
(7322, 'Bản Sen', 6),
(7323, 'Dray Bhăng', 6),
(7324, 'Tân Lân', 6),
(7325, 'Nguyễn Trãi', 6),
(7326, 'Quy Mông', 6),
(7327, 'Đổng Quốc Bình', 6),
(7328, 'Tịnh Kỳ', 6),
(7329, 'Ngô Đồng', 6),
(7330, 'Bãi Sậy', 6),
(7331, 'Mai Thuỷ', 6),
(7332, 'Ba Cụm Nam', 6),
(7333, 'Tế Tân', 6),
(7334, 'Kon Gang', 6),
(7335, 'Vĩnh Khúc', 6),
(7336, 'Xuân Yên', 6),
(7337, 'Thiệu Châu', 6),
(7338, 'Bình Nghĩa', 6),
(7339, 'An Ngãi Trung', 6),
(7340, 'Hạnh Dịch', 6),
(7341, 'Trường Hoà', 6),
(7342, 'Thạnh Mỹ', 6),
(7343, 'Ngã Sáu', 6),
(7344, 'Thắng Quân', 6),
(7345, 'Phước Hảo', 6),
(7346, 'Krông Klang', 6),
(7347, 'Phú Khương', 6),
(7348, 'Phước Hải', 6),
(7349, 'Minh Quang', 6),
(7350, 'Mỏ Chè', 6),
(7351, 'Giới Phiên', 6),
(7352, 'Nam Mẫu', 6),
(7353, 'Bến Thành', 6),
(7354, 'Phú Thiện', 6),
(7355, 'Triệu Ái', 6),
(7356, 'Nậm Lạnh', 6),
(7357, 'Trường Thi', 6),
(7358, 'Long Trị A', 6),
(7359, 'Vĩnh Trung', 6),
(7360, 'Định Thành A', 6),
(7361, 'Ninh Tiến', 6),
(7362, 'Đông Vĩnh', 6),
(7363, 'Ký Phú', 6),
(7364, 'Cai Kinh', 6),
(7365, 'Ân Phú', 6),
(7366, 'Lay Nưa', 6),
(7367, 'Nghĩa Trụ', 6),
(7368, 'Bình Thắng', 6),
(7369, 'Đức Lập Hạ', 6),
(7370, 'Hoằng Vinh', 6),
(7371, 'Trà Lãnh', 6),
(7372, 'Láng Lớn', 6),
(7373, 'Ia Hrung', 6),
(7374, 'Vạn Linh', 6),
(7375, 'Lương Năng', 6),
(7376, 'An Điền', 6),
(7377, 'An Mỹ', 6),
(7378, 'Vân Khánh Đông', 6),
(7379, 'Tân Giang', 6),
(7380, 'Nghi Xuân', 6),
(7381, 'Nghi Phong', 6),
(7382, 'Ninh Khang', 6),
(7383, 'Kim Mỹ', 6),
(7384, 'Thu Lũm', 6),
(7385, 'Thạnh Lợi', 6),
(7386, 'Yên Đĩnh', 6),
(7387, 'Tân Hội Trung', 6),
(7388, 'Hố Nai 3', 6),
(7389, 'Xuân Lĩnh', 6),
(7390, 'Vĩnh Thuỷ', 6),
(7391, 'Đông Xuân', 6),
(7392, 'Quảng La', 6),
(7393, 'Kon Đào', 6),
(7394, 'Đông Hải 1', 6),
(7395, 'Hạ Giáp', 6),
(7396, 'Pá Lông', 6),
(7397, 'Ngọc Thuỵ', 6),
(7398, 'Thuận Hoà', 6),
(7399, 'Thuận Hoá', 6),
(7400, 'Mỹ Long Bắc', 6),
(7401, 'Quảng Lạc', 6),
(7402, 'Hồ Bốn', 6),
(7403, 'Tây An', 6),
(7404, 'Ngọc Linh', 6),
(7405, 'Lai Cách', 6),
(7406, 'Ngô Mây', 6),
(7407, 'Châu Giang', 6),
(7408, 'Ba Tri', 6),
(7409, 'Tiên Tân', 6),
(7410, 'Hiển Khánh', 6),
(7411, 'Thọ Thanh', 6),
(7412, 'Đông Lợi', 6),
(7413, 'Tường Thượng', 6),
(7414, 'Phường 7', 6),
(7415, 'Đông Động', 6),
(7416, 'Bình Hoà Bắc', 6),
(7417, 'Chiềng Lề', 6),
(7418, 'Bùi Thị Xuân', 6),
(7419, 'Thạnh Thới Thuận', 6),
(7420, 'Phú Đình', 6),
(7421, 'Hoà Thọ Tây', 6),
(7422, 'Vĩnh Châu B', 6),
(7423, 'Thái Yên', 6),
(7424, 'Xuân Giao', 6),
(7425, 'Gia Bắc', 6),
(7426, 'Vân An', 6),
(7427, 'Diên Xuân', 6),
(7428, 'Thân Cửu Nghĩa', 6),
(7429, 'Ngọc Kỳ', 6),
(7430, 'Ia Bang', 6),
(7431, 'Quỳnh Tân', 6),
(7432, 'Hoà Định Tây', 6),
(7433, 'Huy Khiêm', 6),
(7434, 'Y Sơn', 6),
(7435, 'Kiến Giang', 6),
(7436, 'Bao La', 6),
(7437, 'Phú Đông', 6),
(7438, 'Vân Tảo', 6),
(7439, 'Nghi Sơn', 6),
(7440, 'Đạo Trù', 6),
(7441, 'Suối Tiên', 6),
(7442, 'Tân Lợi Thạnh', 6),
(7443, 'Thường Tân', 6),
(7444, 'Bến Nghé', 6),
(7445, 'Cư Elang', 6),
(7446, 'Tân Phúc', 6),
(7447, 'An Xuyên', 6),
(7448, 'An Nội', 6),
(7449, 'Phúc Đồng', 6),
(7450, 'Phong Châu', 6),
(7451, 'Vĩnh Lộc A', 6),
(7452, 'Tân Phong', 6),
(7453, 'Chiềng Yên', 6),
(7454, 'Tân Lược', 6),
(7455, 'Nghĩa Phong', 6),
(7456, 'Hưng Xuân', 6),
(7457, 'Văn Lợi', 6),
(7458, 'Dế Su Phình', 6),
(7459, 'Thanh Ba', 6),
(7460, 'Vinh Hải', 6),
(7461, 'Ia Nhin', 6),
(7462, 'Kế Thành', 6),
(7463, 'Bok Tới', 6),
(7464, 'Đông An', 6),
(7465, 'Hà Yên', 6),
(7466, 'Lái Thiêu', 6),
(7467, 'Trường Lạc', 6),
(7468, 'Ia O', 6),
(7469, 'Đồng Thanh', 6),
(7470, 'Bình Hẻm', 6),
(7471, 'Tịnh Giang', 6),
(7472, 'Phú Túc', 6),
(7473, 'Tân Lang', 6),
(7474, 'Đa Quyn', 6),
(7475, 'Nguyễn Thị Minh Khai', 6),
(7476, 'Hà Bắc', 6),
(7477, 'Phước Vinh', 6),
(7478, 'Cẩm Vĩnh', 6),
(7479, 'Yên Đức', 6),
(7480, 'Đặng Sơn', 6),
(7481, 'Tân Phương', 6),
(7482, 'Hà Thạch', 6),
(7483, 'Hát Lìu', 6),
(7484, 'Thiết Ống', 6),
(7485, 'Cát Vân', 6),
(7486, 'Thuỷ Tây', 6),
(7487, 'Chiềng Khừa', 6),
(7488, 'Phú Đa', 6),
(7489, 'Thuỷ Tân', 6),
(7490, 'Duy Ninh', 6),
(7491, 'Ngư Thuỷ Trung', 6),
(7492, 'Đông', 6),
(7493, 'Tri Phú', 6),
(7494, 'Trọng Con', 6),
(7495, 'Gia Sơn', 6),
(7496, 'Mô Rai', 6),
(7497, 'Tân Hương', 6),
(7498, 'Cẩm Thượng', 6),
(7499, 'Đông Tảo', 6),
(7500, 'Tân An Hội', 6),
(7501, 'Hương Khê', 6),
(7502, 'Hợp Đức', 6),
(7503, 'Ngọc Quan', 6),
(7504, 'Tân Bình', 6),
(7505, 'Nghi Hợp', 6),
(7506, 'Lỗ Sơn', 6),
(7507, 'Hưng Trạch', 6),
(7508, 'Tân Lộc', 6),
(7509, 'Hoá Phúc', 6),
(7510, 'Kỳ Hà', 6),
(7511, 'Quang Thịnh', 6),
(7512, 'Trung Nguyên', 6),
(7513, 'Hoàn Long', 6),
(7514, 'Ka Dăng', 6),
(7515, 'Thuần Thiện', 6),
(7516, 'Bồi Sơn', 6),
(7517, 'Kon Pne', 6),
(7518, 'Tân Pheo', 6),
(7519, 'Mồ Sì San', 6),
(7520, 'Phú Đô', 6),
(7521, 'Mão Điền', 6),
(7522, 'Chợ Chu', 6),
(7523, 'Đắk Na', 6),
(7524, 'Song Pe', 6),
(7525, 'Bản Nguyên', 6),
(7526, 'Tiên Cát', 6),
(7527, 'Khải Xuân', 6),
(7528, 'Xuân Tín', 6),
(7529, 'Đồng Thắng', 6),
(7530, 'Minh Dân', 6),
(7531, 'Minh An', 6),
(7532, 'Đạ Đờn', 6),
(7533, 'Vân Trường', 6),
(7534, 'Nam Du', 6),
(7535, 'Yến Mao', 6),
(7536, 'Hoà Bình Thạnh', 6),
(7537, 'Long Hà', 6),
(7538, 'Tô Mậu', 6),
(7539, 'Ia Trok', 6),
(7540, 'Đắk Phơi', 6),
(7541, 'Quảng Trường', 6),
(7542, 'Hoà Nghĩa', 6),
(7543, 'Trang', 6),
(7544, 'Nam Tuấn', 6),
(7545, 'Sao Vàng', 6),
(7546, 'Khánh Cư', 6),
(7547, 'Chu Phan', 6),
(7548, 'Tà Lai', 6),
(7549, 'Thuần Mỹ', 6),
(7550, 'Kỳ Trung', 6),
(7551, 'Quỳnh Lưu', 6),
(7552, 'Tiến Thành', 6),
(7553, 'Ngọk Bay', 6),
(7554, 'An Cựu', 6),
(7555, 'Thuý Sơn', 6),
(7556, 'Bình Khánh Tây', 6),
(7557, 'Nậm Lành', 6),
(7558, 'E A Tam', 6),
(7559, 'Quảng Thanh', 6),
(7560, 'Trực Thắng', 6),
(7561, 'Nàng Đôn', 6),
(7562, 'Duy Sơn', 6),
(7563, 'Tân Hải', 6),
(7564, 'Đức Thuận', 6),
(7565, 'Ma Ly Pho', 6),
(7566, 'Hải Sơn', 6),
(7567, 'Hàm Ninh', 6),
(7568, 'Hoài Thanh', 6),
(7569, 'Dương Hoà', 6),
(7570, 'Đội Cấn', 6),
(7571, 'Tân Thuận Tây', 6),
(7572, 'Tiến Dũng', 6),
(7573, 'Lao Chải', 6),
(7574, 'Thu Phong', 6),
(7575, 'Châu Hoá', 6),
(7576, 'Định Tân', 6),
(7577, 'Giao Châu', 6),
(7578, 'Sơn Nam', 6),
(7579, 'Pù Pin', 6),
(7580, 'Ea Kmút', 6),
(7581, 'Ayun Hạ', 6),
(7582, 'Quỳnh Mai', 6),
(7583, 'Cẩm Tú', 6),
(7584, 'Sóc Hà', 6),
(7585, 'Diêm Điền', 6),
(7586, 'Quảng Thuỷ', 6),
(7587, 'An Thuận', 6),
(7588, 'Lộc Hoà', 6),
(7589, 'Hoằng Long', 6),
(7590, 'Đại Bản', 6),
(7591, 'Phương Phú', 6),
(7592, 'Phú Hưng', 6),
(7593, 'Mai Pha', 6),
(7594, 'Nhơn Lý', 6),
(7595, 'Phiêng Ban', 6),
(7596, 'Thuận Mỹ', 6),
(7597, 'Ea Wer', 6),
(7598, 'Đại Dực', 6),
(7599, 'Châu Phong', 6),
(7600, 'Nghĩa Bình', 6),
(7601, 'Trường Long Hoà', 6),
(7602, 'Thuỵ Dân', 6),
(7603, 'Đồng Mỏ', 6),
(7604, 'Thuỵ Hùng', 6),
(7605, 'Long Giao', 6),
(7606, 'Bằng Cả', 6),
(7607, 'Thanh Xuân Bắc', 6),
(7608, 'Đôn Châu', 6),
(7609, 'Diên Lộc', 6),
(7610, 'Lê Trì', 6),
(7611, 'Thượng Quận', 6),
(7612, 'Đồng Mỹ', 6),
(7613, 'Ba Tầng', 6),
(7614, 'Nghĩa Lợi', 6),
(7615, 'Điện Dương', 6),
(7616, 'Nga Bạch', 6),
(7617, 'Sơn Thịnh', 6),
(7618, 'Tân Ân', 6),
(7619, 'Long Bình Tân', 6),
(7620, 'Phổ Quang', 6),
(7621, 'Ea Trul', 6),
(7622, 'Hoà Liên', 6),
(7623, 'Sơn Dương', 6),
(7624, 'Nhân Cơ', 6),
(7625, 'Nậm Búng', 6),
(7626, 'Cương Chính', 6),
(7627, 'Rơ Kơi', 6),
(7628, 'Khánh Hải', 6),
(7629, 'Tiến Sơn', 6),
(7630, 'Nong Lay', 6),
(7631, 'Hành Tín Tây', 6),
(7632, 'Ái Quốc', 6),
(7633, 'Ea Kuăng', 6),
(7634, 'Thạnh Hoà Sơn', 6),
(7635, 'Triệu Trung', 6),
(7636, 'Gia Lập', 6),
(7637, 'Duyên Hải', 6),
(7638, 'Vụ Bổn', 6),
(7639, 'Ngọc Chúc', 6),
(7640, 'Hoài Châu', 6),
(7641, 'Nùng Nàng', 6),
(7642, 'Diễn Minh', 6),
(7643, 'Đại Đồng', 6),
(7644, 'Thứ Mười Một', 6),
(7645, 'Quy Kỳ', 6),
(7646, 'Bàn Đạt', 6),
(7647, 'Kỳ Châu', 6),
(7648, 'Bình Giang', 6),
(7649, 'Quảng Ngọc', 6),
(7650, 'Tân Quan', 6),
(7651, 'Vũ Lăng', 6),
(7652, 'Ia Mơ Nông', 6),
(7653, 'Nghĩa Xá', 6),
(7654, 'Phước Kiển', 6),
(7655, 'Bàu Trâm', 6),
(7656, 'Du Già', 6),
(7657, 'Yên Nam', 6),
(7658, 'Phiêng Pằn', 6),
(7659, 'Hoà Mỹ', 6),
(7660, 'Ia Lâu', 6),
(7661, 'Trung Sơn', 6),
(7662, 'Liên Hà', 6),
(7663, 'Thắng Nhất', 6),
(7664, 'Lưu Hoàng', 6),
(7665, 'Đồng Thịnh', 6),
(7666, 'Bãi Cháy', 6),
(7667, 'Liên Sang', 6),
(7668, 'Bảo Hoà', 6),
(7669, 'Nghĩa Hội', 6),
(7670, 'Sán Chải', 6),
(7671, 'Phan Bội Châu', 6),
(7672, 'Hát Lót', 6),
(7673, 'Mã Ba', 6),
(7674, 'Phú Nam An', 6),
(7675, 'Lương Can', 6),
(7676, 'Ba Trại', 6),
(7677, 'Hoàng Đông', 6),
(7678, 'Mỹ Tú', 6),
(7679, 'Cẩm Duệ', 6),
(7680, 'Thiệu Tiến', 6),
(7681, 'Đông Văn', 6),
(7682, 'Suối Dây', 6),
(7683, 'Yên Bình', 6),
(7684, 'Bạch Xa', 6),
(7685, 'Quảng Tín', 6),
(7686, 'Đắk Wil', 6),
(7687, 'Phố Cò', 6),
(7688, 'Hoằng Đồng', 6),
(7689, 'Vinh Quý', 6),
(7690, 'Thành Công', 6),
(7691, 'Xuân Trúc', 6),
(7692, 'Hương Văn', 6),
(7693, 'Yên Phong', 6),
(7694, 'Mỹ Long Nam', 6),
(7695, 'Mường É', 6),
(7696, 'Duy Châu', 6),
(7697, 'Vinh Thái', 6),
(7698, 'Lê Mao', 6),
(7699, 'Viên Nội', 6),
(7700, 'Túc Duyên', 6),
(7701, 'Ấm Hạ', 6),
(7702, 'Hàm Giang', 6),
(7703, 'Ngọc Thiện', 6),
(7704, 'Điền Trung', 6),
(7705, 'Công Lý', 6),
(7706, 'Ân Tường Đông', 6),
(7707, 'Việt Yên', 6),
(7708, 'Phù Đổng', 6),
(7709, 'Trà Nam', 6),
(7710, 'Thuỵ Hương', 6),
(7711, 'Xuân Lập', 6),
(7712, 'Tân Hùng', 6),
(7713, 'Ea Lai', 6),
(7714, 'Ba Tiêu', 6),
(7715, 'Duy Phước', 6),
(7716, 'Tịnh Thới', 6),
(7717, 'Tam Dân', 6),
(7718, 'Mường Nhé', 6),
(7719, 'Vạn Kim', 6),
(7720, 'Gia Hoà', 6),
(7721, 'Mường Nhà', 6),
(7722, 'Tam Giang', 6),
(7723, 'Hát Môn', 6),
(7724, 'Phước Lộc', 6),
(7725, 'Quảng Bạch', 6),
(7726, 'Gia Kiệm', 6),
(7727, 'Hồng Hưng', 6),
(7728, 'Trung Đông', 6),
(7729, 'Phiêng Luông', 6),
(7730, 'Quang Lộc', 6),
(7731, 'Tân Quới Trung', 6),
(7732, 'Đông Lai', 6),
(7733, 'Trung Thành Đông', 6),
(7734, 'Minh Lãng', 6),
(7735, 'Lộc Thọ', 6),
(7736, 'Thành Nhất', 6),
(7737, 'Cư Ê Wi', 6),
(7738, 'Lương An Trà', 6),
(7739, 'Thanh Hồng', 6),
(7740, 'Phong Lộc', 6),
(7741, 'Minh Hoàng', 6),
(7742, 'Hoá Trung', 6),
(7743, 'Hành Minh', 6),
(7744, 'Mường Bám', 6),
(7745, 'Bản Mế', 6),
(7746, 'Bắc Hồng', 6),
(7747, 'Đức Lâm', 6),
(7748, 'Đức Lân', 6),
(7749, 'Cẩm Vũ', 6),
(7750, 'Thắng', 6),
(7751, 'Lê Hồng Phong', 6),
(7752, 'Đa Phúc', 6),
(7753, 'Pà Cò', 6),
(7754, 'Lam Vỹ', 6),
(7755, 'Điện Nam Đông', 6),
(7756, 'Đại Thạnh', 6),
(7757, 'Bảo Sơn', 6),
(7758, 'Duy Thu', 6),
(7759, 'Nga Thành', 6),
(7760, 'Quốc Thái', 6),
(7761, 'Thanh Bính', 6),
(7762, 'Bến Lức', 6),
(7763, 'Bắc Trạch', 6),
(7764, 'Vĩnh Hồng', 6),
(7765, 'Diễn Ngọc', 6),
(7766, 'Yên Định', 6),
(7767, 'Điện Biên Đông', 6),
(7768, 'Na Sầm', 6),
(7769, 'Đông Ngạc', 6),
(7770, 'Trần Thành Ngọ', 6),
(7771, 'Gia Vượng', 6),
(7772, 'Cần Đước', 6),
(7773, 'Thuỵ Thanh', 6),
(7774, 'Tân Thuỷ', 6),
(7775, 'Pả Vi', 6),
(7776, 'Quí Lộc', 6),
(7777, 'Cổ Am', 6),
(7778, 'Hải Châu', 6),
(7779, 'Hanh Cù', 6),
(7780, 'Thắng Lợi', 6),
(7781, 'Nâm Nung', 6),
(7782, 'Lãng Công', 6),
(7783, 'Đông Cơ', 6),
(7784, 'Pa Vệ Sử', 6),
(7785, 'Gia Trung', 6),
(7786, 'Dương Thành', 6),
(7787, 'Hưng Thi', 6),
(7788, 'Phù Lỗ', 6),
(7789, 'Mỹ Hoà Hưng', 6),
(7790, 'Đức Mỹ', 6),
(7791, 'Chư A Thai', 6),
(7792, 'Nga Yên', 6),
(7793, 'Cộng Lạc', 6),
(7794, 'Thành Long', 6),
(7795, 'Quỳnh Thanh', 6),
(7796, 'Chiềng Khay', 6),
(7797, 'Thọ Lộc', 6),
(7798, 'Diễn Bích', 6),
(7799, 'Lãng Ngâm', 6),
(7800, 'Thọ Hải', 6),
(7801, 'Hàm Minh', 6),
(7802, 'Thượng Ấm', 6),
(7803, 'Bình Ân', 6),
(7804, 'Bằng Giã', 6),
(7805, 'Song Hồ', 6),
(7806, 'Sai Nga', 6),
(7807, 'Hào Phú', 6),
(7808, 'Hiếu', 6),
(7809, 'Chiềng Bằng', 6),
(7810, 'Lâm Thuỷ', 6),
(7811, 'Thượng Trưng', 6),
(7812, 'Diễn Thọ', 6),
(7813, 'Lộc Bình', 6),
(7814, 'Bảo Vinh', 6),
(7815, 'Tây Lương', 6),
(7816, 'Hoà Xá', 6),
(7817, 'Y Can', 6),
(7818, 'Thăng Bình', 6),
(7819, 'Mường Bang', 6),
(7820, 'Nhơn Nghĩa', 6),
(7821, 'Ngãi Hùng', 6),
(7822, 'Thể Dục', 6),
(7823, 'Tân Viên', 6),
(7824, 'Bến Gót', 6),
(7825, 'Huống Thượng', 6),
(7826, 'Hồng Minh', 6),
(7827, 'Nậm Ét', 6),
(7828, 'Hành Thuận', 6),
(7829, 'Nam Trạch', 6),
(7830, 'Quế Sơn', 6),
(7831, 'Cát Tài', 6),
(7832, 'Trạm Lộ', 6),
(7833, 'Hải Trường', 6),
(7834, 'Hoà Xuân Đông', 6),
(7835, 'Yên Hợp', 6),
(7836, 'Ái Nghĩa', 6),
(7837, 'Định Yên', 6),
(7838, 'Thượng Nung', 6),
(7839, 'Năng Khả', 6),
(7840, 'Kim Tiến', 6),
(7841, 'Tiến Đức', 6),
(7842, 'Tiên Động', 6),
(7843, 'Thuỵ Trường', 6),
(7844, 'Vũ Quang', 6),
(7845, 'Cẩm Hoà', 6),
(7846, 'Phong Dụ Hạ', 6),
(7847, 'Kỳ Hải', 6),
(7848, 'Phong Tân', 6),
(7849, 'Bát Đại Sơn', 6),
(7850, 'Cam Thượng', 6),
(7851, 'Suối Tre', 6),
(7852, 'Đồng Nguyên', 6),
(7853, 'Phước Hưng', 6),
(7854, 'Tam Ngãi', 6),
(7855, 'Suối Nho', 6),
(7856, 'Thanh Hối', 6),
(7857, 'Quan Bản', 6),
(7858, 'Sơn Hiệp', 6),
(7859, 'Quỳnh Lương', 6),
(7860, 'Hoàng Sơn', 6),
(7861, 'Cư M\'Ta', 6),
(7862, 'Thạch Đồng', 6),
(7863, 'Gia Luận', 6),
(7864, 'Krông Năng', 6),
(7865, 'Phú Hoà Đông', 6),
(7866, 'Nà Tòng', 6),
(7867, 'Quế An', 6),
(7868, 'Linh Phú', 6),
(7869, 'Khâu Vai', 6),
(7870, 'An Biên', 6),
(7871, 'Hưng Yên', 6),
(7872, 'Di Trạch', 6),
(7873, 'Mỹ Thịnh', 6),
(7874, 'Nậm Khao', 6),
(7875, 'Thảo Điền', 6),
(7876, 'Tân Thuận', 6),
(7877, 'Chi Khê', 6),
(7878, 'Hợp Thịnh', 6),
(7879, 'Vĩnh Thạnh', 6),
(7880, 'Cửa Đại', 6),
(7881, 'Thanh Nưa', 6),
(7882, 'Thu Ngạc', 6),
(7883, 'Nam Nghĩa', 6),
(7884, 'Phước Nghĩa', 6),
(7885, 'Thác Bà', 6),
(7886, 'Nhân Chính', 6),
(7887, 'Phương Mỹ', 6),
(7888, 'Song Phụng', 6),
(7889, 'Tiên Nội', 6),
(7890, 'Cấp Dẫn', 6),
(7891, 'Quang Huy', 6),
(7892, 'Hưng Bình', 6),
(7893, 'Nấm Dẩn', 6),
(7894, 'Ngũ Đoan', 6),
(7895, 'Đông Trung', 6),
(7896, 'Dĩ An', 6),
(7897, 'Đắc Pring', 6),
(7898, 'Biển Bạch Đông', 6),
(7899, 'Kiểng Phước', 6),
(7900, 'Mỹ Phong', 6),
(7901, 'Hương Lung', 6),
(7902, 'Sa Loong', 6),
(7903, 'Thanh Hương', 6),
(7904, 'Cam Đức', 6),
(7905, 'Lương Trung', 6),
(7906, 'Hiếu Nhơn', 6),
(7907, 'Chất Bình', 6),
(7908, 'Đức Lương', 6),
(7909, 'Vĩnh Lương', 6),
(7910, 'Ia Drăng', 6),
(7911, 'Lệ Viễn', 6),
(7912, 'Nậm Khánh', 6),
(7913, 'Vĩnh Tường', 6),
(7914, 'Ninh Sơn', 6),
(7915, 'An Long', 6),
(7916, 'Ea Wy', 6),
(7917, 'Ba Nang', 6),
(7918, 'Thanh Hải', 6),
(7919, 'Khánh Yên Thượng', 6),
(7920, 'Thạch Hương', 6),
(7921, 'Phú Hội', 6),
(7922, 'Cầu Khởi', 6),
(7923, 'Triệu Độ', 6),
(7924, 'Bảo Thuận', 6),
(7925, 'Trác Văn', 6),
(7926, 'Trường Thạnh', 6),
(7927, 'Thạch Định', 6),
(7928, 'Hồng Thái', 6),
(7929, 'Nguyễn Huân', 6),
(7930, 'Ia Phí', 6),
(7931, 'Triệu Đề', 6),
(7932, 'Suối Bu', 6),
(7933, 'An Hải Bắc', 6),
(7934, 'Suối Kiết', 6),
(7935, 'Nguyễn Úy', 6),
(7936, 'Lâm Xuyên', 6),
(7937, 'Xà Phìn', 6),
(7938, 'Long Môn', 6),
(7939, 'An Phú Trung', 6),
(7940, 'Hà Tiến', 6),
(7941, 'Kiến Thành', 6),
(7942, 'Tây Ninh', 6),
(7943, 'Sam Kha', 6),
(7944, 'Hoằng Lưu', 6),
(7945, 'Bắc Cường', 6),
(7946, 'Công Bình', 6),
(7947, 'Phước Lưu', 6),
(7948, 'Văn Giang', 6),
(7949, 'Bát Tràng', 6),
(7950, 'Diễn Mỹ', 6),
(7951, 'Nà Hỳ', 6),
(7952, 'Thanh Phú Long', 6),
(7953, 'Tân Kiên', 6),
(7954, 'Quỳnh Hưng', 6),
(7955, 'Quảng Trực', 6),
(7956, 'Na Loi', 6),
(7957, 'Trà Lâm', 6),
(7958, 'Cát Thịnh', 6),
(7959, 'Thượng Đình', 6),
(7960, 'Bình Định Nam', 6),
(7961, 'Sơn Lương', 6),
(7962, 'Quán Toan', 6),
(7963, 'Ninh Phúc', 6),
(7964, 'Thạch Môn', 6),
(7965, 'Đồng Bẩm', 6),
(7966, 'Hương Nguyên', 6),
(7967, 'Púng Tra', 6),
(7968, 'Trực Phú', 6),
(7969, 'Lập Lễ', 6),
(7970, 'Hà Mòn', 6),
(7971, 'Liên Bạt', 6),
(7972, 'Hoà Tân Tây', 6),
(7973, 'Bình Trung', 6),
(7974, 'Kỳ Thượng', 6),
(7975, 'Thiệu Minh', 6),
(7976, 'Tiên Hội', 6),
(7977, 'Đắk Nuê', 6),
(7978, 'Quảng Ngãi', 6),
(7979, 'Văn Thuỷ', 6),
(7980, 'Bom Bo', 6),
(7981, 'Hiệp Ninh', 6),
(7982, 'Giao Hà', 6),
(7983, 'Phú Phương', 6),
(7984, 'Cao Quảng', 6),
(7985, 'Long Mai', 6),
(7986, 'Bửu Long', 6),
(7987, 'Vĩnh Kim', 6),
(7988, 'Cổ Đông', 6),
(7989, 'Vầy Nưa', 6),
(7990, 'Hoà Mỹ Tây', 6),
(7991, 'Mường Lý', 6),
(7992, 'Yên Minh', 6),
(7993, 'Yên Phú', 6),
(7994, 'Trung Nhứt', 6),
(7995, 'Cao Lâu', 6),
(7996, 'Sơn Thượng', 6),
(7997, 'Lê Hoá', 6),
(7998, 'Thuận Hà', 6),
(7999, 'Hoàng Kim', 6),
(8000, 'Hàng Bồ', 6),
(8001, 'Lạng Khê', 6),
(8002, 'Sì Lờ Lầu', 6),
(8003, 'Ngọc Chung', 6),
(8004, 'Quảng Lập', 6),
(8005, 'Hải Lựu', 6),
(8006, 'Nam Hồng', 6),
(8007, 'Tân Bình Thạnh', 6),
(8008, 'Diễn Hoàng', 6),
(8009, 'Xá Tổng', 6),
(8010, 'Vương', 6),
(8011, 'Ngọc Định', 6),
(8012, 'Nhuận Trạch', 6),
(8013, 'Hương Sơ', 6),
(8014, 'Ân Tường Tây', 6),
(8015, 'Văn Yên', 6),
(8016, 'Mường Lang', 6),
(8017, 'Ba Bích', 6),
(8018, 'Vĩnh Ngươn', 6),
(8019, 'Tam Hưng', 6),
(8020, 'Đăk Yă', 6),
(8021, 'Cây Dương', 6),
(8022, 'Trường Chinh', 6),
(8023, 'Vinh Hưng', 6),
(8024, 'Hoà Đông', 6),
(8025, 'Văn Nhuệ', 6),
(8026, 'Nga Trường', 6),
(8027, 'Xuân Quang 3', 6),
(8028, 'Vân Canh', 6),
(8029, 'Thuận Phú', 6),
(8030, 'Vạn Mỹ', 6),
(8031, 'Tân Thắng', 6),
(8032, 'Quỳnh Liên', 6),
(8033, 'Nông Hạ', 6),
(8034, 'Văn Quán', 6),
(8035, 'Ninh Thới', 6),
(8036, 'Trường Tây', 6),
(8037, 'Song Khủa', 6),
(8038, 'Đại Minh', 6),
(8039, 'Phúc Lợi', 6),
(8040, 'Cốc Ly', 6),
(8041, 'Vân Từ', 6),
(8042, 'Mỹ Luông', 6),
(8043, 'Vị Thanh', 6),
(8044, 'Minh Hải', 6),
(8045, 'Tả Ngảo', 6),
(8046, 'Thắng Sơn', 6),
(8047, 'Huy Bắc', 6),
(8048, 'Cam Hiếu', 6),
(8049, 'Đắc Sơn', 6),
(8050, 'Cư M\'Lan', 6),
(8051, 'Cầu Giát', 6),
(8052, 'Hoà Điền', 6),
(8053, 'Kim Dinh', 6),
(8054, 'Phúc Ninh', 6),
(8055, 'Diên Lãm', 6),
(8056, 'Đan Thượng', 6),
(8057, 'Đồng Đăng', 6),
(8058, 'Xuân Cẩm', 6),
(8059, 'Nghi Ân', 6),
(8060, 'Tràng Lương', 6),
(8061, 'Lao Bảo', 6),
(8062, 'Tân Chi', 6),
(8063, 'Hoà Hiệp Bắc', 6),
(8064, 'An Trường', 6),
(8065, 'Vũ Oai', 6),
(8066, 'Trung Lập Thượng', 6),
(8067, 'An Lập', 6),
(8068, 'Ea Kênh', 6),
(8069, 'Tả Sìn Thàng', 6),
(8070, 'Cao Xá', 6),
(8071, 'Long Thuỷ', 6),
(8072, 'Kênh Giang', 6),
(8073, 'Cách Linh', 6),
(8074, 'Thuỵ Hoà', 6),
(8075, 'Tân Kiểng', 6),
(8076, 'Lử Thẩn', 6),
(8077, 'Long Tân', 6),
(8078, 'Lý Bôn', 6),
(8079, 'Mỹ Thành Nam', 6),
(8080, 'Chư Ty', 6),
(8081, 'Nam Thắng', 6),
(8082, 'An Thọ', 6),
(8083, 'Yên Dương', 6),
(8084, 'Mường Cang', 6),
(8085, 'Lý Trạch', 6),
(8086, 'Đắk Ui', 6),
(8087, 'Đắk Tơ Lung', 6),
(8088, 'Hoằng Xuân', 6),
(8089, 'Bha Lê', 6),
(8090, 'Tả Lèng', 6),
(8091, 'Hạ Trạch', 6),
(8092, 'Trà Phong', 6),
(8093, 'Phương Liên', 6),
(8094, 'Sông Lô', 6),
(8095, 'Yên Tiến', 6),
(8096, 'Vĩnh Thông', 6),
(8097, 'Cát Thắng', 6),
(8098, 'Ngũ Thái', 6),
(8099, 'Quỳnh Giao', 6),
(8100, 'Ia Dal', 6),
(8101, 'Minh Khôi', 6),
(8102, 'Đặng Lễ', 6),
(8103, 'Hoà Hưng', 6),
(8104, 'Mường Khương', 6),
(8105, 'Trung An', 6),
(8106, 'Cao Thăng', 6),
(8107, 'Quỳnh Hoa', 6),
(8108, 'Hồng Vân', 6),
(8109, 'Cát Tân', 6),
(8110, 'Phú Nghiêm', 6),
(8111, 'Nội Hoàng', 6),
(8112, 'Sầm Dương', 6),
(8113, 'Ia Piar', 6),
(8114, 'Kiên Lao', 6),
(8115, 'Hải Lĩnh', 6),
(8116, 'Diên Hồng', 6),
(8117, 'Lương Thế Trân', 6),
(8118, 'Bình Nhì', 6),
(8119, 'Gia Phố', 6),
(8120, 'Quỳnh Lập', 6),
(8121, 'Triệu Lăng', 6),
(8122, 'Châu Bính', 6),
(8123, 'Thiết Kế', 6),
(8124, 'Sơn Điền', 6),
(8125, 'Phú Thanh', 6),
(8126, 'Phú Đức', 6),
(8127, 'Bó Sinh', 6),
(8128, 'Hữu Khuông', 6),
(8129, 'Đồng Gia', 6),
(8130, 'Ô Lâm', 6),
(8131, 'Tân Thiềng', 6),
(8132, 'Ia Sol', 6),
(8133, 'Vĩnh Tế', 6),
(8134, 'Bum Tở', 6),
(8135, 'Xuân Hội', 6),
(8136, 'Tường Tiến', 6),
(8137, 'Sa Nghĩa', 6),
(8138, 'Sóc Sơn', 6),
(8139, 'Trường Sơn', 6),
(8140, 'Minh Lộc', 6),
(8141, 'Nam Phú', 6),
(8142, 'Đại Hưng', 6),
(8143, 'Tốt Động', 6),
(8144, 'Đăk R\'Moan', 6),
(8145, 'Pá Ma Pha Khinh', 6),
(8146, 'Hương Minh', 6),
(8147, 'Sùng Nhơn', 6),
(8148, 'Châu Hồng', 6),
(8149, 'Xuân Thiên', 6),
(8150, 'Bình Hoà Đông', 6),
(8151, 'Cốc Rế', 6),
(8152, 'Đắk Pék', 6),
(8153, 'Bắc Yên', 6),
(8154, 'Mẫu Sơn', 6),
(8155, 'Hoà Thuận Đông', 6),
(8156, 'Văn Luông', 6),
(8157, 'Hương Mai', 6),
(8158, 'Kim Thư', 6),
(8159, 'Tăng Bạt Hổ', 6),
(8160, 'Thường Thắng', 6),
(8161, 'Pà Vầy Sủ', 6),
(8162, 'Phượng Vĩ', 6),
(8163, 'Gia Hưng', 6),
(8164, 'Thới Đông', 6),
(8165, 'Minh Ngọc', 6),
(8166, 'Tiên Ngọc', 6),
(8167, 'Vần Dính', 6),
(8168, 'Lâm Hải', 6),
(8169, 'An Chấn', 6),
(8170, 'Do Nhân', 6),
(8171, 'Phước Hậu', 6),
(8172, 'Minh Khương', 6),
(8173, 'Hải Bắc', 6),
(8174, 'Hà Huy Tập', 6),
(8175, 'Nga Điền', 6),
(8176, 'Năng Yên', 6),
(8177, 'Linh Thông', 6),
(8178, 'Lương Phi', 6),
(8179, 'Bàu Hàm', 6),
(8180, 'Cư Lễ', 6),
(8181, 'Ba Chùa', 6),
(8182, 'Cam Thành Bắc', 6),
(8183, 'Ea Dăh', 6),
(8184, 'Hoả Tiến', 6),
(8185, 'Điền Hương', 6),
(8186, 'Hoà Cường Bắc', 6),
(8187, 'Triệu Hải', 6),
(8188, 'Lý Quốc', 6),
(8189, 'Phước Thắng', 6),
(8190, 'Thượng Vực', 6),
(8191, 'Cư San', 6),
(8192, 'Xuân Thới Đông', 6),
(8193, 'Thượng Cát', 6),
(8194, 'Lãm Hà', 6),
(8195, 'Bông Krang', 6),
(8196, 'Hải Triều', 6),
(8197, 'Thuỵ Dũng', 6),
(8198, 'Văn Phương', 6),
(8199, 'Đông Ngàn', 6),
(8200, 'Tân Thới', 6),
(8201, 'An Phúc', 6),
(8202, 'Hùng Vương', 6),
(8203, 'An Phong', 6),
(8204, 'Tâm Thắng', 6),
(8205, 'Vạn Phú', 6),
(8206, 'Sịa', 6),
(8207, 'Ngũ Phụng', 6),
(8208, 'Đồng Nghê', 6),
(8209, 'Bồ Sao', 6),
(8210, 'Quảng Phúc', 6),
(8211, 'Đức Đồng', 6),
(8212, 'Bình Gia', 6),
(8213, 'Trà Don', 6),
(8214, 'Thạnh Thới An', 6),
(8215, 'Mỹ Hưng', 6),
(8216, 'A Tiêng', 6),
(8217, 'Diễn Thái', 6),
(8218, 'Khánh Yên', 6),
(8219, 'Hoàng Đan', 6),
(8220, 'Cẩm Văn', 6),
(8221, 'Kim Truy', 6),
(8222, 'Diễn Kỷ', 6),
(8223, 'Biên Sơn', 6),
(8224, 'Phượng Dực', 6),
(8225, 'Hoà Lâm', 6),
(8226, 'Vĩnh Lạc', 6),
(8227, 'Gia Phú', 6),
(8228, 'Vĩnh Khương', 6),
(8229, 'Gia Phù', 6),
(8230, 'Thọ Sơn', 6),
(8231, 'Sa Bình', 6),
(8232, 'Gia Lộc', 6),
(8233, 'Nội Duệ', 6),
(8234, 'Đại Nghĩa', 6),
(8235, 'Bình Trị', 6),
(8236, 'Quảng Đại', 6),
(8237, 'Gia Xuyên', 6),
(8238, 'Ân Hoà', 6),
(8239, 'Thái Phúc', 6),
(8240, 'Ngọc Sơn', 6),
(8241, 'Tà Năng', 6),
(8242, 'Lộc Tấn', 6),
(8243, 'Du Lễ', 6),
(8244, 'Liên Bảo', 6),
(8245, 'Nhân Thắng', 6),
(8246, 'Tiến Hoá', 6),
(8247, 'Trung Hiếu', 6),
(8248, 'Bình Giã', 6),
(8249, 'Đồng Hướng', 6),
(8250, 'Pa Ủ', 6),
(8251, 'Thành Hưng', 6),
(8252, 'Nhân Huệ', 6),
(8253, 'Bình Dân', 6),
(8254, 'Hiền Lương', 6),
(8255, 'Hoằng Châu', 6),
(8256, 'Bình Đông', 6),
(8257, 'Diễn Tháp', 6),
(8258, 'Tứ Xã', 6),
(8259, 'Khánh Nam', 6),
(8260, 'Quế Bình', 6),
(8261, 'Thới Sơn', 6),
(8262, 'Ngọc Mỹ', 6),
(8263, 'Đại Áng', 6),
(8264, 'Nhơn Phú', 6),
(8265, 'Gia Sinh', 6),
(8266, 'Thạnh Tiến', 6),
(8267, 'Thành Lâm', 6),
(8268, 'Tân Xã', 6),
(8269, 'Nghĩa Thương', 6),
(8270, 'Hoằng Đông', 6),
(8271, 'Thạch Linh', 6),
(8272, 'Đak Ơ', 6),
(8273, 'Đình Xuyên', 6),
(8274, 'Xuất Lễ', 6),
(8275, 'Sính Phình', 6),
(8276, 'Bằng Lang', 6),
(8277, 'Phước Vĩnh An', 6),
(8278, 'Gia Bình', 6),
(8279, 'Nguyễn Phúc', 6),
(8280, 'Nghĩa Hành', 6),
(8281, 'Liêm Thuỷ', 6),
(8282, 'Sơn Hải', 6),
(8283, 'Nhơn Lộc', 6),
(8284, 'Việt Long', 6),
(8285, 'Diễn Lâm', 6),
(8286, 'Thạc Gián', 6),
(8287, 'Hồng Thái Tây', 6),
(8288, 'Hương Hồ', 6),
(8289, 'Tiên An', 6),
(8290, 'Bát Trang', 6),
(8291, 'Sào Báy', 6),
(8292, 'Ea Kar', 6),
(8293, 'Ea Kao', 6),
(8294, 'Long Hữu', 6),
(8295, 'Quỳ Hợp', 6),
(8296, 'Quốc Khánh', 6),
(8297, 'Đồng Việt', 6),
(8298, 'Vân Hoà', 6),
(8299, 'Thanh Văn', 6),
(8300, 'Diên Hoà', 6),
(8301, 'Nhơn Thọ', 6),
(8302, 'Kim Linh', 6),
(8303, 'Phú Châu', 6),
(8304, 'Chánh An', 6),
(8305, 'Xuân Trường', 6),
(8306, 'Phục Lễ', 6),
(8307, 'Gia An', 6),
(8308, 'Đan Phượng', 6),
(8309, 'Nhị Quý', 6),
(8310, 'Cầu Tre', 6),
(8311, 'Vĩnh Hoà Hưng Bắc', 6),
(8312, 'Vũ Xá', 6),
(8313, 'Hoằng Thành', 6),
(8314, 'Vô Tranh', 6),
(8315, 'Nghĩa Hưng', 6),
(8316, 'Tân Liên', 6),
(8317, 'Nhật Tựu', 6),
(8318, 'Nghĩa Thọ', 6),
(8319, 'Thọ Ngọc', 6),
(8320, 'Tiên Lập', 6),
(8321, 'Mỹ Hiệp Sơn', 6),
(8322, 'Phú Hài', 6),
(8323, 'Dương Sơn', 6),
(8324, 'Phạm Mệnh', 6),
(8325, 'Nhân Thịnh', 6),
(8326, 'Cẩm Phô', 6),
(8327, 'Nà Hang', 6),
(8328, 'Cẩm Phú', 6),
(8329, 'Tân Kiều', 6),
(8330, 'Cái Tàu Hạ', 6),
(8331, 'Đắk Môl', 6),
(8332, 'Đắk Môn', 6),
(8333, 'Liêm Thuận', 6),
(8334, 'Yên Khương', 6),
(8335, 'Triệu Thượng', 6),
(8336, 'Nhân Hưng', 6),
(8337, 'Đại Thịnh', 6),
(8338, 'Liêu Tú', 6),
(8339, 'Cẩm Liên', 6),
(8340, 'Vũ Nông', 6),
(8341, 'Hồng Lĩnh', 6),
(8342, 'Giáp Sơn', 6),
(8343, 'Nhữ Hán', 6),
(8344, 'Việt Cường', 6),
(8345, 'Đoàn Đào', 6),
(8346, 'D\'Ran', 6),
(8347, 'Xuân Thái', 6),
(8348, 'Quảng Lưu', 6),
(8349, 'Tơ Tung', 6),
(8350, 'Gio Hải', 6),
(8351, 'Vân Âm', 6),
(8352, 'Khánh Thuỷ', 6),
(8353, 'Bản Khoang', 6),
(8354, 'Thạnh Ngãi', 6),
(8355, 'Hải Giang', 6),
(8356, 'Phú Nham', 6),
(8357, 'Phúc Chu', 6),
(8358, 'Quảng Vọng', 6),
(8359, 'Cầu Quan', 6),
(8360, 'Thạnh Mỹ Lợi', 6),
(8361, 'Ia Kriêng', 6),
(8362, 'Yên Châu', 6),
(8363, 'Lũng Táo', 6),
(8364, 'Hữu Định', 6),
(8365, 'Trà Ka', 6),
(8366, 'Nam Chính', 6),
(8367, 'Hoài Xuân', 6),
(8368, 'Đắk Pxi', 6),
(8369, 'Vĩnh Hảo', 6),
(8370, 'Vĩnh Hải', 6),
(8371, 'Cờ Đỏ', 6),
(8372, 'Phú Ngọc', 6),
(8373, 'Thạnh Bình', 6),
(8374, 'Yên Phụ', 6),
(8375, 'Ẳng Cang', 6),
(8376, 'Long Thành Trung', 6),
(8377, 'Quỳnh Hậu', 6),
(8378, 'Trực Hùng', 6),
(8379, 'Thượng Ninh', 6),
(8380, 'Ít Ong', 6),
(8381, 'Long Tiên', 6),
(8382, 'Tràng Minh', 6),
(8383, 'Sơn An', 6),
(8384, 'Hiệp Thuận', 6),
(8385, 'Tân Kim', 6),
(8386, 'Nhị Bình', 6),
(8387, 'Trung Dũng', 6),
(8388, 'Chư Don', 6),
(8389, 'Bàu Cạn', 6),
(8390, 'Mường Lèo', 6),
(8391, 'Vô Ngại', 6),
(8392, 'Ba Hàng', 6),
(8393, 'Hữu Lũng', 6),
(8394, 'Đức Chính', 6),
(8395, 'Phong Chương', 6),
(8396, 'Nghi Lâm', 6),
(8397, 'Nông Thịnh', 6),
(8398, 'Bình Nhâm', 6),
(8399, 'Bình Nhân', 6),
(8400, 'Nghĩa Thuận', 6),
(8401, 'Vàng Đán', 6),
(8402, 'Tường Phong', 6),
(8403, 'Sở Dầu', 6),
(8404, 'Phú Thuận', 6),
(8405, 'An Vĩnh', 6),
(8406, 'Trà Đốc', 6),
(8407, 'Ba Điền', 6),
(8408, 'Liên Khê', 6),
(8409, 'Kiêu Kỵ', 6),
(8410, 'Đồng Hoá', 6),
(8411, 'Ea Hiu', 6),
(8412, 'Mỹ Hải', 6),
(8413, 'Phù Việt', 6),
(8414, 'Ga Ri', 6),
(8415, 'Ninh Dương', 6),
(8416, 'Văn Xá', 6),
(8417, 'Việt Thành', 6),
(8418, 'Sin Suối Hồ', 6),
(8419, 'Quang Lãng', 6),
(8420, 'Lục Hồn', 6),
(8421, 'Hang Kia', 6),
(8422, 'Ea Tul', 6),
(8423, 'Tam Anh Bắc', 6),
(8424, 'Phú Thịnh', 6),
(8425, 'Đạ Kho', 6),
(8426, 'Thuận Bình', 6),
(8427, 'Bàn Tân Định', 6),
(8428, 'Tà Rụt', 6),
(8429, 'Chăn Nưa', 6),
(8430, 'Bình Tường', 6),
(8431, 'Bản Péo', 6),
(8432, 'Lạc An', 6),
(8433, 'Mường Bon', 6),
(8434, 'Viên Bình', 6),
(8435, 'Thới Xuân', 6),
(8436, 'Minh Thanh', 6),
(8437, 'Đức Bình', 6),
(8438, 'Đồng Kỵ', 6),
(8439, 'Thiệu Viên', 6),
(8440, 'Quỳnh Mỹ', 6),
(8441, 'Hương Thọ', 6),
(8442, 'Chơn Thành', 6),
(8443, 'Lê Thanh', 6),
(8444, 'Mỹ Xuân', 6),
(8445, 'Hồi Ninh', 6),
(8446, 'Bình Mỹ', 6),
(8447, 'An Tảo', 6),
(8448, 'Linh Tây', 6),
(8449, 'Trạm Thản', 6),
(8450, 'Tân Thành', 6),
(8451, 'Đak Jơ Ta', 6),
(8452, 'Cam Hiệp Bắc', 6),
(8453, 'Cẩm Điền', 6),
(8454, 'Quảng Phước', 6),
(8455, 'Ea Pil', 6),
(8456, 'Phúc Lương', 6),
(8457, 'An Dũng', 6),
(8458, 'Đồng Bục', 6),
(8459, 'Nghĩa Minh', 6),
(8460, 'Kỳ Bắc', 6),
(8461, 'Nam Thịnh', 6),
(8462, 'Tam Quan Bắc', 6),
(8463, 'Lạc Hoà', 6),
(8464, 'Lũng Cao', 6),
(8465, 'Tiên Thắng', 6),
(8466, 'Võng Xuyên', 6),
(8467, 'Núi Đèo', 6),
(8468, 'Trung Bì', 6),
(8469, 'Cái Dầu', 6),
(8470, 'Chư Krêy', 6),
(8471, 'Đức Hạnh', 6),
(8472, 'Mái Dầm', 6),
(8473, 'É Tòng', 6),
(8474, 'Quang Phong', 6),
(8475, 'Minh Cầm', 6),
(8476, 'Hồng Thành', 6),
(8477, 'Thanh Liệt', 6),
(8478, 'Kiên Mộc', 6),
(8479, 'Tề Lễ', 6),
(8480, 'Hoa Thành', 6),
(8481, 'Bàu Sen', 6),
(8482, 'Diễn Châu', 6),
(8483, 'Nga Lĩnh', 6),
(8484, 'Phù Long', 6),
(8485, 'Hoằng Yến', 6),
(8486, 'Bình Quý', 6),
(8487, 'Hoàng Xá', 6),
(8488, 'Hựu Thành', 6),
(8489, 'Sa Nhơn', 6),
(8490, 'Yên Đổ', 6),
(8491, 'Hương Thuỷ', 6),
(8492, 'Kỳ Xuân', 6),
(8493, 'Trà Vong', 6),
(8494, 'Suối Trai', 6),
(8495, 'Than Uyên', 6),
(8496, 'Tường Hạ', 6),
(8497, 'Nghĩa Hồng', 6),
(8498, 'Tuân Chính', 6),
(8499, 'Ngọc Đồng', 6),
(8500, 'Hải Đông', 6),
(8501, 'Ninh Thọ', 6),
(8502, 'Ia Rvê', 6),
(8503, 'Kỳ Khang', 6),
(8504, 'Nhà Mát', 6),
(8505, 'Nga Hải', 6),
(8506, 'Chí Đạo', 6),
(8507, 'Lương Khánh Thiện', 6),
(8508, 'Hàng Gai', 6),
(8509, 'Cự Nẫm', 6),
(8510, 'Vĩ Dạ', 6),
(8511, 'Kim Long', 6),
(8512, 'Kép', 6),
(8513, 'Cù Lao Dung', 6),
(8514, 'Đại Tân', 6),
(8515, 'Đại Tâm', 6),
(8516, 'Long Tuyền', 6),
(8517, 'Nhâm', 6),
(8518, 'Mỹ Thành', 6),
(8519, 'Vĩnh Tiến', 6),
(8520, 'Thọ Diên', 6),
(8521, 'A Mú Sung', 6),
(8522, 'Cư Né', 6),
(8523, 'Ninh Tây', 6),
(8524, 'Quảng Lâm', 6),
(8525, 'Hưng Nhượng', 6),
(8526, 'Pa Ham', 6),
(8527, 'Lập Thạch', 6),
(8528, 'Triêu Dương', 6),
(8529, 'Ninh Tân', 6),
(8530, 'Đà Loan', 6),
(8531, 'Tân Khánh Hoà', 6),
(8532, 'Khánh Bình Tây Bắc', 6),
(8533, 'Tinh Nhuệ', 6),
(8534, 'Hợp Kim', 6),
(8535, 'Núi Đối', 6),
(8536, 'Quỳnh Nguyên', 6),
(8537, 'Công Đa', 6),
(8538, 'Châu Nga', 6),
(8539, 'Nhuận Đức', 6),
(8540, 'Hoằng Khê', 6),
(8541, 'Vũ Bình', 6),
(8542, 'Nhơn Phong', 6),
(8543, 'Đắk Kroong', 6),
(8544, 'Phù Khê', 6),
(8545, 'Phương Khoan', 6),
(8546, 'Trung Hội', 6),
(8547, 'Đào Thịnh', 6),
(8548, 'Tuân Đạo', 6),
(8549, 'Ngòi Hoa', 6),
(8550, 'Quảng Lĩnh', 6),
(8551, 'Vĩnh Thới', 6),
(8552, 'Cư Ni', 6),
(8553, 'Nghĩa Đồng', 6),
(8554, 'Hưng Dũng', 6),
(8555, 'Truông Mít', 6),
(8556, 'Phú Mỡ', 6),
(8557, 'Nga Thắng', 6),
(8558, 'Phước Diêm', 6),
(8559, 'Phú Mỹ', 6),
(8560, 'Nghi Hải', 6),
(8561, 'Ea Sô', 6),
(8562, 'Đại Điền', 6),
(8563, 'Đại Ân 1', 6),
(8564, 'Pải Lủng', 6),
(8565, 'Đồng Xuân', 6),
(8566, 'Vĩnh Yên', 6),
(8567, 'Cao Dương', 6),
(8568, 'Mường Mươn', 6),
(8569, 'Ea Yiêng', 6),
(8570, 'Phước Trung', 6),
(8571, 'Mường Lói', 6),
(8572, 'Tiên Mỹ', 6),
(8573, 'Quảng Ninh', 6);
INSERT INTO `entity_samples` (`id`, `content`, `entity_id`) VALUES
(8574, 'An Định', 6),
(8575, 'Lộc Thái', 6),
(8576, 'Lý Văn Lâm', 6),
(8577, 'Nhạc Kỳ', 6),
(8578, 'Hữu Sản', 6),
(8579, 'Bình Hải', 6),
(8580, 'Hoằng Sơn', 6),
(8581, 'Đông Phương', 6),
(8582, 'Dền Thàng', 6),
(8583, 'Hữu Kiên', 6),
(8584, 'An Cơ', 6),
(8585, 'Hà Bầu', 6),
(8586, 'Vĩnh Trạch Đông', 6),
(8587, 'Trần Quang Diệu', 6),
(8588, 'Ninh Vân', 6),
(8589, 'Phước Hội', 6),
(8590, 'Dương Đức', 6),
(8591, 'Chi Lăng Nam', 6),
(8592, 'Sơn Hàm', 6),
(8593, 'Quế', 6),
(8594, 'Lái Hiếu', 6),
(8595, 'Thịnh Sơn', 6),
(8596, 'Cần Đăng', 6),
(8597, 'Trịnh Tường', 6),
(8598, 'Long Phụng', 6),
(8599, 'Tiên Điền', 6),
(8600, 'Thổ Bình', 6),
(8601, 'Chỉ Đạo', 6),
(8602, 'La Sơn', 6),
(8603, 'Năng Tĩnh', 6),
(8604, 'Tân Long Hội', 6),
(8605, 'Tấn Mỹ', 6),
(8606, 'Thanh Chi', 6),
(8607, 'Hưng Khánh Trung A', 6),
(8608, 'Hưng Khánh Trung B', 6),
(8609, 'Chính Tâm', 6),
(8610, 'Văn Giáo', 6),
(8611, 'Canh Hiệp', 6),
(8612, 'Đông Hiếu', 6),
(8613, 'A Ting', 6),
(8614, 'Liêm Cần', 6),
(8615, 'Nt Mộc Châu', 6),
(8616, 'Nậm Cuổi', 6),
(8617, 'Yên Vượng', 6),
(8618, 'Thịnh Vượng', 6),
(8619, 'Ea Riêng', 6),
(8620, 'Trà Đa', 6),
(8621, 'Trực Thái', 6),
(8622, 'Lợi An', 6),
(8623, 'Trường Lộc', 6),
(8624, 'Tân Chính', 6),
(8625, 'Xuân Viên', 6),
(8626, 'Cam Phúc Nam', 6),
(8627, 'Hai Bà Trưng', 6),
(8628, 'Phước Ninh', 6),
(8629, 'Tân Lãng', 6),
(8630, 'Châu Quế Hạ', 6),
(8631, 'Long Thành', 6),
(8632, 'Đại Sơn', 6),
(8633, 'Kim Đồng', 6),
(8634, 'Khánh Công', 6),
(8635, 'Đầm Dơi', 6),
(8636, 'Đồng Bảng', 6),
(8637, 'Giao Yến', 6),
(8638, 'Trưng Trắc', 6),
(8639, 'Ninh Lai', 6),
(8640, 'Lang Minh', 6),
(8641, 'Diễn Trường', 6),
(8642, 'Thanh Tùng', 6),
(8643, 'Thọ Cường', 6),
(8644, 'Tích Cốc', 6),
(8645, 'Liệp Tuyết', 6),
(8646, 'Bảo An', 6),
(8647, 'Lăng Thành', 6),
(8648, 'Bình Kiều', 6),
(8649, 'Hải Nhân', 6),
(8650, 'Châu Pha', 6),
(8651, 'Mộ Đạo', 6),
(8652, 'An Thắng', 6),
(8653, 'Lộc Ngãi', 6),
(8654, 'Tam Tiến', 6),
(8655, 'Đại Lai', 6),
(8656, 'Nông Trang', 6),
(8657, 'Cư Kbang', 6),
(8658, 'Tập Ngãi', 6),
(8659, 'Đông Xuyên', 6),
(8660, 'Nga Thạch', 6),
(8661, 'An Minh Bắc', 6),
(8662, 'Kông Pla', 6),
(8663, 'Nhân Thành', 6),
(8664, 'Đức Bình Tây', 6),
(8665, 'Quới Điền', 6),
(8666, 'Thanh Lãng', 6),
(8667, 'Cam Thuận', 6),
(8668, 'Định Tường', 6),
(8669, 'Đào Ngạn', 6),
(8670, 'Thượng Bằng La', 6),
(8671, 'Hoà Khánh Nam', 6),
(8672, 'Lạc Sơn', 6),
(8673, 'Nâm N\'Đir', 6),
(8674, 'Lâm Thượng', 6),
(8675, 'Ninh Xá', 6),
(8676, 'Sơn Cao', 6),
(8677, 'Giao Thanh', 6),
(8678, 'Hoằng Khánh', 6),
(8679, 'Chiềng Khoa', 6),
(8680, 'Đoọc Mạy', 6),
(8681, 'Sính Lủng', 6),
(8682, 'Chiềng Khoi', 6),
(8683, 'Thạnh Hưng', 6),
(8684, 'Cao Nhân', 6),
(8685, 'Ân Thạnh', 6),
(8686, 'Cầu Kè', 6),
(8687, 'Khánh Thành', 6),
(8688, 'Đạ Nhim', 6),
(8689, 'Vũ Ninh', 6),
(8690, 'Thạch Đà', 6),
(8691, 'Sìn Hồ', 6),
(8692, 'Hồ', 6),
(8693, 'Hùng Dũng', 6),
(8694, 'Thổ Châu', 6),
(8695, 'Nông Tiến', 6),
(8696, 'Nghi Thạch', 6),
(8697, 'Đồng Thái', 6),
(8698, 'Hoài Phú', 6),
(8699, 'Hoàng Ninh', 6),
(8700, 'Chiềng Xôm', 6),
(8701, 'Mỹ Phú', 6),
(8702, 'Đào Mỹ', 6),
(8703, 'Hồ Thầu', 6),
(8704, 'An Hải', 6),
(8705, 'An Hảo', 6),
(8706, 'Phong Lạc', 6),
(8707, 'Bảo Lâm', 6),
(8708, 'Ia Nan', 6),
(8709, 'Song Khê', 6),
(8710, 'Minh Nghĩa', 6),
(8711, 'Hải Trung', 6),
(8712, 'Long Thắng', 6),
(8713, 'Xín Cái', 6),
(8714, 'Thiệu Thành', 6),
(8715, 'Tân Sơn', 6),
(8716, 'Ia Grăng', 6),
(8717, 'Phương Độ', 6),
(8718, 'Vĩnh Mỹ A', 6),
(8719, 'Vĩnh Mỹ B', 6),
(8720, 'Tấn Tài', 6),
(8721, 'Đăk Djrăng', 6),
(8722, 'Phạm Văn Hai', 6),
(8723, 'Nậm Dịch', 6),
(8724, 'Chiềng Mai', 6),
(8725, 'Mai Phụ', 6),
(8726, 'Thành An', 6),
(8727, 'Quảng Lợi', 6),
(8728, 'Tam An', 6),
(8729, 'Lạc Lâm', 6),
(8730, 'Nậm Nhùn', 6),
(8731, 'Xuân Thắng', 6),
(8732, 'An Thạch', 6),
(8733, 'Cù Vân', 6),
(8734, 'Lương Hoà A', 6),
(8735, 'Thọ Dân', 6),
(8736, 'Tráng Liệt', 6),
(8737, 'Bài Sơn', 6),
(8738, 'Vũ An', 6),
(8739, 'Phú Thị', 6),
(8740, 'Phú Thọ', 6),
(8741, 'Tiền An', 6),
(8742, 'Thanh Chương', 6),
(8743, 'Trung Tâm', 6),
(8744, 'La Hiên', 6),
(8745, 'Đắk Nhoong', 6),
(8746, 'Việt Hải', 6),
(8747, 'Xuân Đông', 6),
(8748, 'Hộ Hải', 6),
(8749, 'Phú Thứ', 6),
(8750, 'Ninh Thắng', 6),
(8751, 'Thào Chư Phìn', 6),
(8752, 'Phước Sơn', 6),
(8753, 'Phước Vĩnh Đông', 6),
(8754, 'Khương Trung', 6),
(8755, 'Hợp Hoà', 6),
(8756, 'Hùng An', 6),
(8757, 'Dị Sử', 6),
(8758, 'Dực Yên', 6),
(8759, 'Hoà Sơn', 6),
(8760, 'A Dơk', 6),
(8761, 'Hợp Châu', 6),
(8762, 'A Dơi', 6),
(8763, 'Gio Mai', 6),
(8764, 'Tân Mai', 6),
(8765, 'Vĩnh Hoà Hưng Nam', 6),
(8766, 'Định Biên', 6),
(8767, 'Vực Trường', 6),
(8768, 'Quán Thánh', 6),
(8769, 'Địch Quả', 6),
(8770, 'Tú Xuyên', 6),
(8771, 'Phình Giàng', 6),
(8772, 'Hoằng Tiến', 6),
(8773, 'Quỳnh Thạch', 6),
(8774, 'Phong Thạnh', 6),
(8775, 'Thủ Sỹ', 6),
(8776, 'Phước Long A', 6),
(8777, 'Phước Long B', 6),
(8778, 'Châu Hưng', 6),
(8779, 'Đổng Xá', 6),
(8780, 'Háng Đồng', 6),
(8781, 'Gia Thuận', 6),
(8782, 'Sơn Giang', 6),
(8783, 'Phước Trà', 6),
(8784, 'Mậu Đức', 6),
(8785, 'Đường 10', 6),
(8786, 'Đắk Nên', 6),
(8787, 'Lê Bình', 6),
(8788, 'Phú Xuân', 6),
(8789, 'Việt Đoàn', 6),
(8790, 'Tiên Phú', 6),
(8791, 'Phương Lĩnh', 6),
(8792, 'Tân Nhựt', 6),
(8793, 'Quang Húc', 6),
(8794, 'Phú Diên', 6),
(8795, 'Ia Tôr', 6),
(8796, 'Quảng Chính', 6),
(8797, 'Phượng Tiến', 6),
(8798, 'An Thượng', 6),
(8799, 'Trà Bui', 6),
(8800, 'Pha Long', 6),
(8801, 'Phú Ngãi', 6),
(8802, 'Hưng Tiến', 6),
(8803, 'Đại Tập', 6),
(8804, 'Hạnh Lâm', 6),
(8805, 'Cảnh Dương', 6),
(8806, 'Vân Lĩnh', 6),
(8807, 'Liên Hiệp', 6),
(8808, 'Hoằng Phúc', 6),
(8809, 'Ea M\'Nang', 6),
(8810, 'Đồng Tân', 6),
(8811, 'Sơn Long', 6),
(8812, 'Ia Piơr', 6),
(8813, 'Vạn Long', 6),
(8814, 'Cam Lộ', 6),
(8815, 'Dịch Vọng', 6),
(8816, 'Cẩm Đông', 6),
(8817, 'Chư Ngọc', 6),
(8818, 'Cỗ Đạm', 6),
(8819, 'Long Hải', 6),
(8820, 'Chiến Thắng', 6),
(8821, 'Quế Thọ', 6),
(8822, 'Thuỷ Thanh', 6),
(8823, 'Đình Dù', 6),
(8824, 'Tam Giang Tây', 6),
(8825, 'Thiên Phủ', 6),
(8826, 'Kim Lương', 6),
(8827, 'Bạch Đích', 6),
(8828, 'Mỏ Công', 6),
(8829, 'Thạch Kim', 6),
(8830, 'Quảng Thắng', 6),
(8831, 'Đại Hoà Lộc', 6),
(8832, 'Phú Cần', 6),
(8833, 'Thuỵ Hưng', 6),
(8834, 'Trung Phúc', 6),
(8835, 'Mường Mìn', 6),
(8836, 'Cuor Đăng', 6),
(8837, 'Quảng Ngần', 6),
(8838, 'Tà Lu', 6),
(8839, 'Pú Hồng', 6),
(8840, 'Mai Trung', 6),
(8841, 'Nghĩa Châu', 6),
(8842, 'Xuân Khang', 6),
(8843, 'Hà Vinh', 6),
(8844, 'Chánh Lộ', 6),
(8845, 'Liên Trạch', 6),
(8846, 'Phổ Thạnh', 6),
(8847, 'Ia Mláh', 6),
(8848, 'Hoà Thọ Đông', 6),
(8849, 'Kim Sơn', 6),
(8850, 'Phú Linh', 6),
(8851, 'An Tức', 6),
(8852, 'Hòn Nghệ', 6),
(8853, 'Phượng Hoàng', 6),
(8854, 'Hưng Chính', 6),
(8855, 'Trần Phú', 6),
(8856, 'Lâu Thượng', 6),
(8857, 'Thuỷ Châu', 6),
(8858, 'Định An', 6),
(8859, 'Trường Yên', 6),
(8860, 'Tiên Kỳ', 6),
(8861, 'Phước Công', 6),
(8862, 'Sen Chiểu', 6),
(8863, 'Tú Mịch', 6),
(8864, 'Củ Chi', 6),
(8865, 'An Lư', 6),
(8866, 'Ban Công', 6),
(8867, 'Tri Trung', 6),
(8868, 'Ea Bhốk', 6),
(8869, 'Vũ Chấn', 6),
(8870, 'A Xing', 6),
(8871, 'Quang Kim', 6),
(8872, 'Phúc Than', 6),
(8873, 'Xuân Ngọc', 6),
(8874, 'Hương Lộc', 6),
(8875, 'Quốc Phong', 6),
(8876, 'Nghi Văn', 6),
(8877, 'Phú Thuỷ', 6),
(8878, 'Long Hồ', 6),
(8879, 'Vạn Mai', 6),
(8880, 'Bình Xa', 6),
(8881, 'Hồng Phương', 6),
(8882, 'Sơn Lâm', 6),
(8883, 'Hùng Việt', 6),
(8884, 'Ba Ngạc', 6),
(8885, 'Chân Mộng', 6),
(8886, 'Cam Đường', 6),
(8887, 'Phố Cáo', 6),
(8888, 'Đất Đỏ', 6),
(8889, 'Liêu Xá', 6),
(8890, 'H Bông', 6),
(8891, 'Khoái Châu', 6),
(8892, 'Nghĩa Lạc', 6),
(8893, 'Chiềng Sơ', 6),
(8894, 'Vạn Xuân', 6),
(8895, 'Trường Đông', 6),
(8896, 'Y Tý', 6),
(8897, 'Diễn Đoài', 6),
(8898, 'Phong Vân', 6),
(8899, 'Việt Hoà', 6),
(8900, 'Tam Đình', 6),
(8901, 'Trầm Lộng', 6),
(8902, 'Hoà Minh', 6),
(8903, 'Long Hẹ', 6),
(8904, 'Tân Duyệt', 6),
(8905, 'Quảng Liên', 6),
(8906, 'An Xuân', 6),
(8907, 'Hàm Cần', 6),
(8908, 'Chấn Thịnh', 6),
(8909, 'Sơn Màu', 6),
(8910, 'Phong Niên', 6),
(8911, 'Núi Voi', 6),
(8912, 'An Đông', 6),
(8913, 'Hà Đông', 6),
(8914, 'Hương Điền', 6),
(8915, 'Pháo Đài', 6),
(8916, 'Phương Hưng', 6),
(8917, 'Châu Hoà', 6),
(8918, 'An Tân', 6),
(8919, 'Sơn Tình', 6),
(8920, 'Phú Văn', 6),
(8921, 'Vinh Sơn', 6),
(8922, 'Cốc San', 6),
(8923, 'Bình Lâm', 6),
(8924, 'An Tây', 6),
(8925, 'Bản Công', 6),
(8926, 'Láng Dài', 6),
(8927, 'Hoàng Văn Thụ', 6),
(8928, 'Quỳnh Tam', 6),
(8929, 'Hoà Khánh Đông', 6),
(8930, 'Hiệp Sơn', 6),
(8931, 'Nhơn Nghĩa A', 6),
(8932, 'Phong Điền', 6),
(8933, 'Hà Long', 6),
(8934, 'Thông Nông', 6),
(8935, 'Thất Hùng', 6),
(8936, 'Lương Thành', 6),
(8937, 'Đức Phú', 6),
(8938, 'Quách Phẩm', 6),
(8939, 'Ea Tân', 6),
(8940, 'Tân Huề', 6),
(8941, 'Lang Sơn', 6),
(8942, 'Đức Quang', 6),
(8943, 'Hồng Phong', 6),
(8944, 'Nguyễn An Ninh', 6),
(8945, 'Rừng Thông', 6),
(8946, 'Nho Quan', 6),
(8947, 'Vĩnh Bửu', 6),
(8948, 'Nhữ Khê', 6),
(8949, 'An Phú Tây', 6),
(8950, 'Sơn Điện', 6),
(8951, 'Pá Mỳ', 6),
(8952, 'Phước Tân', 6),
(8953, 'Vĩnh Niệm', 6),
(8954, 'An Phú Tân', 6),
(8955, 'Ngok Yêu', 6),
(8956, 'Diêu Trì', 6),
(8957, 'Thanh Long', 6),
(8958, 'Châu Lộc', 6),
(8959, 'Mường Sại', 6),
(8960, 'Tạ An Khương  Nam', 6),
(8961, 'Hùng Hoà', 6),
(8962, 'Hoài Sơn', 6),
(8963, 'Sán Xả Hồ', 6),
(8964, 'Chư Hreng', 6),
(8965, 'Ngok Wang', 6),
(8966, 'Phụng Thượng', 6),
(8967, 'Huỳnh Hữu Nghĩa', 6),
(8968, 'Mùn Chung', 6),
(8969, 'Phước Hữu', 6),
(8970, 'Tràm Chim', 6),
(8971, 'Liêm Phú', 6),
(8972, 'Chương Dương Độ', 6),
(8973, 'Ia Sao', 6),
(8974, 'Nam Viêm', 6),
(8975, 'Gia Xuân', 6),
(8976, 'Thiệu Quang', 6),
(8977, 'Dlê Yang', 6),
(8978, 'Ân Thi', 6),
(8979, 'Âu Cơ', 6),
(8980, 'Đông Triều', 6),
(8981, 'Châu Hoàn', 6),
(8982, 'Óc Eo', 6),
(8983, 'Đại Phúc', 6),
(8984, 'Kim Mã', 6),
(8985, 'Hoà Mỹ Đông', 6),
(8986, 'Na Hối', 6),
(8987, 'Chăm Mát', 6),
(8988, 'Ứng Hoè', 6),
(8989, 'Liễu Đô', 6),
(8990, 'Tam Kỳ', 6),
(8991, 'Diên Đồng', 6),
(8992, 'Lao Xả Phình', 6),
(8993, 'Tân Thành A', 6),
(8994, 'Tân Thành B', 6),
(8995, 'An Hoà Tây', 6),
(8996, 'Trường Thọ', 6),
(8997, 'Quảng Định', 6),
(8998, 'Gio Phong', 6),
(8999, 'Vũ Bản', 6),
(9000, 'Nga Giáp', 6),
(9001, 'Vũ Thắng', 6),
(9002, 'Phú Thuận A', 6),
(9003, 'Phú Thuận B', 6),
(9004, 'Mường Lai', 6),
(9005, 'Ba Trinh', 6),
(9006, 'Vĩnh Đại', 6),
(9007, 'Thanh Sơn', 6),
(9008, 'Tịnh Đông', 6),
(9009, 'Gò Dầu', 6),
(9010, 'Sơn A', 6),
(9011, 'Thạch Trị', 6),
(9012, 'Khánh Hậu', 6),
(9013, 'Vinh Thanh', 6),
(9014, 'Bar Măih', 6),
(9015, 'Hoà Ân', 6),
(9016, 'Vĩnh Trị', 6),
(9017, 'Thuận', 6),
(9018, 'Thanh Đức', 6),
(9019, 'Trực Hưng', 6),
(9020, 'Đức Hương', 6),
(9021, 'Phú Thành', 6),
(9022, 'Lũng Phìn', 6),
(9023, 'Phương Liễu', 6),
(9024, 'Tam Thái', 6),
(9025, 'Vĩnh Trụ', 6),
(9026, 'Mậu A', 6),
(9027, 'Tiến Bộ', 6),
(9028, 'An Hoà', 6),
(9029, 'An Hoá', 6),
(9030, 'Thân Thuộc', 6),
(9031, 'Vạn Thuỷ', 6),
(9032, 'Sơn Kiên', 6),
(9033, 'Phú Hiệp', 6),
(9034, 'Ngô Xá', 6),
(9035, 'Long Thượng', 6),
(9036, 'Điền Lộc', 6),
(9037, 'Duyên Hà', 6),
(9038, 'Đức Lập', 6),
(9039, 'Pờ Ly Ngài', 6),
(9040, 'Hắc Dịch', 6),
(9041, 'Canh Hoà', 6),
(9042, 'Đồng Mai', 6),
(9043, 'Vĩnh Đồng', 6),
(9044, 'Xuân Đám', 6),
(9045, 'Cầu Ngang', 6),
(9046, 'Thạnh Phú Đông', 6),
(9047, 'Nghi Thu', 6),
(9048, 'Bút Sơn', 6),
(9049, 'Thổ Tang', 6),
(9050, 'Sơn Nham', 6),
(9051, 'Thạch Điền', 6),
(9052, 'Hương Nê', 6),
(9053, 'Ngọc Châu', 6),
(9054, 'Nhất Tiến', 6),
(9055, 'Mỹ Tiến', 6),
(9056, 'Xuân Thượng', 6),
(9057, 'Hoà Thuận Tây', 6),
(9058, 'Ngọc Hồi', 6),
(9059, 'Bằng An', 6),
(9060, 'Nhật Tân', 6),
(9061, 'Chiềng La', 6),
(9062, 'Nà Ngựu', 6),
(9063, 'Giáo Liêm', 6),
(9064, 'Chiềng Ly', 6),
(9065, 'Ngãi Đăng', 6),
(9066, 'Yên Giả', 6),
(9067, 'Nhơn Sơn', 6),
(9068, 'Kim Đông', 6),
(9069, 'Đắc Sở', 6),
(9070, 'Yên Lộc', 6),
(9071, 'Điêu Lương', 6),
(9072, 'Bà Triệu', 6),
(9073, 'Xuân Thịnh', 6),
(9074, 'Bản Xèo', 6),
(9075, 'Giao Nhân', 6),
(9076, 'Khánh Trung', 6),
(9077, 'Phố Châu', 6),
(9078, 'Mai Lạp', 6),
(9079, 'Phú Minh', 6),
(9080, 'Phan Rí Thành', 6),
(9081, 'Mường Do', 6),
(9082, 'Tân Thanh Tây', 6),
(9083, 'Cam Phúc Bắc', 6),
(9084, 'Đỉnh Sơn', 6),
(9085, 'Đồng Văn', 6),
(9086, 'Piềng Vế', 6),
(9087, 'Niêm Sơn', 6),
(9088, 'Sông Vệ', 6),
(9089, 'Điện Hoà', 6),
(9090, 'Hậu Mỹ Bắc B', 6),
(9091, 'Sơn Vĩ', 6),
(9092, 'Đông Thọ', 6),
(9093, 'Đinh Trang Hoà', 6),
(9094, 'Quảng Nham', 6),
(9095, 'Bình Lộc', 6),
(9096, 'Pha Mu', 6),
(9097, 'Hàng Bông', 6),
(9098, 'Tân Trạch', 6),
(9099, 'Lương Nội', 6),
(9100, 'Triệu Nguyên', 6),
(9101, 'Trường Sa', 6),
(9102, 'Húc', 6),
(9103, 'Thượng Bì', 6),
(9104, 'Bồ Lý', 6),
(9105, 'Phú Trung', 6),
(9106, 'Trung Châu', 6),
(9107, 'Thăng Thọ', 6),
(9108, 'Quỳnh Hoàng', 6),
(9109, 'Tả Nhìu', 6),
(9110, 'An Trạch', 6),
(9111, 'Đồng Nai Thượng', 6),
(9112, 'Sảng Mộc', 6),
(9113, 'Ea Bông', 6),
(9114, 'Xốp Cộp', 6),
(9115, 'Hữu Thác', 6),
(9116, 'Đạ K\' Nàng', 6),
(9117, 'Kiến Quốc', 6),
(9118, 'Nghĩa Dân', 6),
(9119, 'Châu Hội', 6),
(9120, 'Bính Xá', 6),
(9121, 'Khánh Tiến', 6),
(9122, 'Cải Đan', 6),
(9123, 'Hạ Bì', 6),
(9124, 'Ninh An', 6),
(9125, 'Viên Sơn', 6),
(9126, 'Hua Thanh', 6),
(9127, 'Định Cư', 6),
(9128, 'An Viên', 6),
(9129, 'Quảng Hợp', 6),
(9130, 'Phủ Lý', 6),
(9131, 'Quảng Đông', 6),
(9132, 'Eachà Rang', 6),
(9133, 'Ma Thì Hồ', 6),
(9134, 'Tây Xuân', 6),
(9135, 'Long Hương', 6),
(9136, 'Đạ Ròn', 6),
(9137, 'Nghi Xá', 6),
(9138, 'Ia Ma Rơn', 6),
(9139, 'Quế Phước', 6),
(9140, 'A Lưới', 6),
(9141, 'Hữu Nghị', 6),
(9142, 'Hoàng Hanh', 6),
(9143, 'Khánh Thượng', 6),
(9144, 'Yên Cường', 6),
(9145, 'Cư Mốt', 6),
(9146, 'Sơn Vi', 6),
(9147, 'Vân Đình', 6),
(9148, 'Bằng Luân', 6),
(9149, 'Nhơn Thành', 6),
(9150, 'Phước Đồng', 6),
(9151, 'Chương Dương', 6),
(9152, 'Quế Tân', 6),
(9153, 'Tân Quy', 6),
(9154, 'Hoằng Anh', 6),
(9155, 'Trần Hợi', 6),
(9156, 'Hàng Trống', 6),
(9157, 'Khánh Dương', 6),
(9158, 'Hiến Sơn', 6),
(9159, 'Thái Giang', 6),
(9160, 'Trung Nghĩa', 6),
(9161, 'Phan', 6),
(9162, 'Vạn Hà', 6),
(9163, 'Tân Triều', 6),
(9164, 'Ninh Trung', 6),
(9165, 'Trà Thọ', 6),
(9166, 'Tịnh Bình', 6),
(9167, 'Vị Trung', 6),
(9168, 'Hoà Phú', 6),
(9169, 'Bình Triều', 6),
(9170, 'Hoà Ninh', 6),
(9171, 'Thạnh Mỹ Tây', 6),
(9172, 'Hiệp Cát', 6),
(9173, 'Tiên Thuỷ', 6),
(9174, 'Vật Lại', 6),
(9175, 'Ea Khal', 6),
(9176, 'Tân Quý', 6),
(9177, 'Hầu Thào', 6),
(9178, 'Canh Hiển', 6),
(9179, 'Thạnh Đông', 6),
(9180, 'Phú Nam', 6),
(9181, 'Hải Phương', 6),
(9182, 'Công Hải', 6),
(9183, 'Hương Trạch', 6),
(9184, 'Tiến Tới', 6),
(9185, 'Phú Kim', 6),
(9186, 'Thượng Yên Công', 6),
(9187, 'P Rao', 6),
(9188, 'Bắc Ruộng', 6),
(9189, 'Cát Nê', 6),
(9190, 'Hữu Đạo', 6),
(9191, 'Quảng Thuận', 6),
(9192, 'Đắk La', 6),
(9193, 'Thuận An', 9),
(9194, 'Bình Minh', 9),
(9195, 'Sìn Hồ', 9),
(9196, 'Đăk Tô', 9),
(9197, 'Hóc Môn', 9),
(9198, 'Cái Răng', 9),
(9199, 'Bác Ái', 9),
(9200, 'Vĩnh Lộc', 9),
(9201, 'Hạ Long', 9),
(9202, 'Tân Phước', 9),
(9203, 'Thuận Thành', 9),
(9204, 'Vĩnh Châu', 9),
(9205, 'Sông Công', 9),
(9206, 'Lộc Hà', 9),
(9207, 'Hạ Lang', 9),
(9208, 'Mê Linh', 9),
(9209, 'Tiên Yên', 9),
(9210, 'Đạ Huoai', 9),
(9211, 'Đại Lộc', 9),
(9212, 'Xín Mần', 9),
(9213, 'Nam Trà My', 9),
(9214, 'Đắk Hà', 9),
(9215, 'Bắc Ninh', 9),
(9216, 'Mường Nhé', 9),
(9217, 'Ia Grai', 9),
(9218, 'Bình Gia', 9),
(9219, 'Từ Sơn', 9),
(9220, 'Bảo Lâm', 9),
(9221, 'Hoằng Hoá', 9),
(9222, 'Thái Hoà', 9),
(9223, 'Kbang', 9),
(9224, 'Đắk Đoa', 9),
(9225, 'Bình Liêu', 9),
(9226, 'Nông Sơn', 9),
(9227, 'Thái Nguyên', 9),
(9228, 'Phú Xuyên', 9),
(9229, 'Tây Giang', 9),
(9230, 'Vĩnh Thuận', 9),
(9231, 'Phúc Thọ', 9),
(9232, 'Tân Sơn', 9),
(9233, 'Vạn Ninh', 9),
(9234, 'Hải Hậu', 9),
(9235, 'Tân Biên', 9),
(9236, 'Mỏ Cày Bắc', 9),
(9237, 'Càng Long', 9),
(9238, 'Chư Pưh', 9),
(9239, 'Yên Bái', 9),
(9240, 'Tuy An', 9),
(9241, 'Châu Đốc', 9),
(9242, 'Rạch Giá', 9),
(9243, 'Gia Lộc', 9),
(9244, 'Mỹ Hào', 9),
(9245, 'Nam Sách', 9),
(9246, 'Dầu Tiếng', 9),
(9247, 'Tiên Phước', 9),
(9248, 'Ba Đồn', 9),
(9249, 'Bạc Liêu', 9),
(9250, 'Tân Phú', 9),
(9251, 'Nậm Nhùn', 9),
(9252, 'Đống Đa', 9),
(9253, 'Vị Xuyên', 9),
(9254, 'Phú Quý', 9),
(9255, 'Sốp Cộp', 9),
(9256, 'Thái Bình', 9),
(9257, 'Chợ Lách', 9),
(9258, 'Châu Thành A', 9),
(9259, 'Ngọc Lặc', 9),
(9260, 'Bình Tân', 9),
(9261, 'Hải Dương', 9),
(9262, 'Hoàng Su Phì', 9),
(9263, 'Thanh Chương', 9),
(9264, 'Phú Riềng', 9),
(9265, 'Kon Tum', 9),
(9266, 'Quốc Oai', 9),
(9267, 'Yên Sơn', 9),
(9268, 'Đô Lương', 9),
(9269, 'Đông Hưng', 9),
(9270, 'Biên Hoà', 9),
(9271, 'Diên Khánh', 9),
(9272, 'Định Quán', 9),
(9273, 'Hoài Ân', 9),
(9274, 'Phước Sơn', 9),
(9275, 'Cầu Giấy', 9),
(9276, 'Thạnh Trị', 9),
(9277, 'Chư Prông', 9),
(9278, 'Hải Châu', 9),
(9279, 'Quan Hoá', 9),
(9280, 'Bến Cầu', 9),
(9281, 'Tam Bình', 9),
(9282, 'Quảng Trị', 9),
(9283, 'Ngũ Hành Sơn', 9),
(9284, 'Đạ Tẻh', 9),
(9285, 'Vĩnh Lợi', 9),
(9286, 'Cát Hải', 9),
(9287, 'Cai Lậy', 9),
(9288, 'Quảng Uyên', 9),
(9289, 'Xuyên Mộc', 9),
(9290, 'Điện Biên Đông', 9),
(9291, 'Cư Kuin', 9),
(9292, 'Cần Đước', 9),
(9293, 'Long Khánh', 9),
(9294, 'Hoài Đức', 9),
(9295, 'Đak Pơ', 9),
(9296, 'Chương Mỹ', 9),
(9297, 'Bắc Quang', 9),
(9298, 'Sông Mã', 9),
(9299, 'Nậm Pồ', 9),
(9300, 'Gia Bình', 9),
(9301, 'Na Rì', 9),
(9302, 'Phú Ninh', 9),
(9303, 'Quận 7', 9),
(9304, 'Kỳ Sơn', 9),
(9305, 'Tam Đường', 9),
(9306, 'Thường Xuân', 9),
(9307, 'Nghĩa Hành', 9),
(9308, 'Kiến Xương', 9),
(9309, 'Nông Cống', 9),
(9310, 'Bình Đại', 9),
(9311, 'Hoàng Sa', 9),
(9312, 'Hoa Lư', 9),
(9313, 'Gò Công Tây', 9),
(9314, 'Hoàn Kiếm', 9),
(9315, 'Thanh Thuỷ', 9),
(9316, 'Lục Ngạn', 9),
(9317, 'Triệu Phong', 9),
(9318, 'Kiến Thuỵ', 9),
(9319, 'Pleiku', 9),
(9320, 'Hoà Thành', 9),
(9321, 'Lào Cai', 9),
(9322, 'Hiệp Hoà', 9),
(9323, 'Tây Sơn', 9),
(9324, 'Hàm Yên', 9),
(9325, 'Kiến Tường', 9),
(9326, 'Yên Định', 9),
(9327, 'Ba Đình', 9),
(9328, 'Lục Yên', 9),
(9329, 'Đông Hoà', 9),
(9330, 'Ninh Hải', 9),
(9331, 'Ea Kar', 9),
(9332, 'Quỳ Hợp', 9),
(9333, 'Mai Châu', 9),
(9334, 'Hàm Thuận Bắc', 9),
(9335, 'Thái Thuỵ', 9),
(9336, 'Lộc Ninh', 9),
(9337, 'Dương Kinh', 9),
(9338, 'Xuân Trường', 9),
(9339, 'Yên Mỹ', 9),
(9340, 'Kông Chro', 9),
(9341, 'Hớn Quản', 9),
(9342, 'Si Ma Cai', 9),
(9343, 'Trấn Yên', 9),
(9344, 'Đan Phượng', 9),
(9345, 'Bắc Tân Uyên', 9),
(9346, 'Đồng Phú', 9),
(9347, 'Lộc Bình', 9),
(9348, 'Đông Anh', 9),
(9349, 'Vị Thuỷ', 9),
(9350, 'Đình Lập', 9),
(9351, 'Ea H\'Leo', 9),
(9352, 'Gò Công Đông', 9),
(9353, 'Sơn Hoà', 9),
(9354, 'Nghĩa Hưng', 9),
(9355, 'Đam Rông', 9),
(9356, 'Thăng Bình', 9),
(9357, 'M\'Đrăk', 9),
(9358, 'Krông Ana', 9),
(9359, 'Ba Tơ', 9),
(9360, 'Cẩm Phả', 9),
(9361, 'Như Xuân', 9),
(9362, 'Cam Lộ', 9),
(9363, 'Cát Tiên', 9),
(9364, 'U Minh Thượng', 9),
(9365, 'Nam Trực', 9),
(9366, 'Tủa Chùa', 9),
(9367, 'Hương Trà', 9),
(9368, 'Văn Giang', 9),
(9369, 'Tân Hiệp', 9),
(9370, 'Tây Hồ', 9),
(9371, 'Trà Lĩnh', 9),
(9372, 'Võ Nhai', 9),
(9373, 'Thường Tín', 9),
(9374, 'Quế Sơn', 9),
(9375, 'Tân Trụ', 9),
(9376, 'Mường Ảng', 9),
(9377, 'Lai Vung', 9),
(9378, 'Tiên Lãng', 9),
(9379, 'Tây Hoà', 9),
(9380, 'Duy Tiên', 9),
(9381, 'An Phú', 9),
(9382, 'Vĩnh Tường', 9),
(9383, 'Cao Lộc', 9),
(9384, 'Phan Rang-Tháp Chàm', 9),
(9385, 'Phú Thiện', 9),
(9386, 'Cư Jút', 9),
(9387, 'Ứng Hoà', 9),
(9388, 'Tân Kỳ', 9),
(9389, 'Sơn La', 9),
(9390, 'Đại Từ', 9),
(9391, 'Hồng Lĩnh', 9),
(9392, 'Pác Nặm', 9),
(9393, 'Kiên Lương', 9),
(9394, 'Can Lộc', 9),
(9395, 'Chợ Gạo', 9),
(9396, 'An Nhơn', 9),
(9397, 'Sơn Tịnh', 9),
(9398, 'Lạc Thuỷ', 9),
(9399, 'Lâm Thao', 9),
(9400, 'Đầm Hà', 9),
(9401, 'Yên Thế', 9),
(9402, 'Krông Nô', 9),
(9403, 'Trường Sa', 9),
(9404, 'Ngã Bảy', 9),
(9405, 'Mang Yang', 9),
(9406, 'Bắc Từ Liêm', 9),
(9407, 'Sơn Tây', 9),
(9408, 'Chiêm Hoá', 9),
(9409, 'Yên Lập', 9),
(9410, 'Vĩnh Cửu', 9),
(9411, 'Đà Lạt', 9),
(9412, 'Buôn Ma Thuột', 9),
(9413, 'Thiệu Hoá', 9),
(9414, 'Phú Quốc', 9),
(9415, 'Gia Nghĩa', 9),
(9416, 'Krông Năng', 9),
(9417, 'Cái Bè', 9),
(9418, 'Quận 12', 9),
(9419, 'Nghi Xuân', 9),
(9420, 'Bình Sơn', 9),
(9421, 'Yên Châu', 9),
(9422, 'Bảo Yên', 9),
(9423, 'Cà Mau', 9),
(9424, 'Quế Phong', 9),
(9425, 'Yên Thuỷ', 9),
(9426, 'Gia Viễn', 9),
(9427, 'Củ Chi', 9),
(9428, 'Bắc Kạn', 9),
(9429, 'Uông Bí', 9),
(9430, 'An Biên', 9),
(9431, 'Hưng Yên', 9),
(9432, 'Cờ Đỏ', 9),
(9433, 'Bình Thạnh', 9),
(9434, 'Bắc Trà My', 9),
(9435, 'Bà Rịa', 9),
(9436, 'Sa Đéc', 9),
(9437, 'Việt Trì', 9),
(9438, 'Phú Nhuận', 9),
(9439, 'Đa Krông', 9),
(9440, 'Thuận Bắc', 9),
(9441, 'Vĩnh Thạnh', 9),
(9442, 'Vinh', 9),
(9443, 'Đức Linh', 9),
(9444, 'Hoà Bình', 9),
(9445, 'Cao Lãnh', 9),
(9446, 'Đắk Glong', 9),
(9447, 'Hưng Nguyên', 9),
(9448, 'Mỹ Tho', 9),
(9449, 'Gò Công', 9),
(9450, 'Trảng Bàng', 9),
(9451, 'Long Hồ', 9),
(9452, 'Hoài Nhơn', 9),
(9453, 'Hồng Ngự', 9),
(9454, 'Bắc Sơn', 9),
(9455, 'Thanh Liêm', 9),
(9456, 'Bàu Bàng', 9),
(9457, 'Thống Nhất', 9),
(9458, 'Bình Chánh', 9),
(9459, 'Côn Đảo', 9),
(9460, 'Đắk Glei', 9),
(9461, 'Đức Cơ', 9),
(9462, 'Tuyên Quang', 9),
(9463, 'Minh Hoá', 9),
(9464, 'Dĩ An', 9),
(9465, 'Thạch Thành', 9),
(9466, 'Khoái Châu', 9),
(9467, 'Tuy Phước', 9),
(9468, 'Ba Tri', 9),
(9469, 'Vân Hồ', 9),
(9470, 'Mỹ Xuyên', 9),
(9471, 'Ea Súp', 9),
(9472, 'Hữu Lũng', 9),
(9473, 'Bắc Hà', 9),
(9474, 'Tịnh Biên', 9),
(9475, 'Ba Vì', 9),
(9476, 'Hương Sơn', 9),
(9477, 'Lương Tài', 9),
(9478, 'Phú Vang', 9),
(9479, 'Phục Hoà', 9),
(9480, 'Tiểu Cần', 9),
(9481, 'Ninh Sơn', 9),
(9482, 'Tân Châu', 9),
(9483, 'Hải Hà', 9),
(9484, 'Phù Yên', 9),
(9485, 'Thạch An', 9),
(9486, 'Tân Lạc', 9),
(9487, 'Phù Mỹ', 9),
(9488, 'Điện Biên Phủ', 9),
(9489, 'Hưng Hà', 9),
(9490, 'Quỳnh Phụ', 9),
(9491, 'Hà Tiên', 9),
(9492, 'Hà Quảng', 9),
(9493, 'Yên Lạc', 9),
(9494, 'Hạ Hoà', 9),
(9495, 'Hà Đông', 9),
(9496, 'Kon Rẫy', 9),
(9497, 'Chợ Đồn', 9),
(9498, 'Lạc Dương', 9),
(9499, 'Krông Pắk', 9),
(9500, 'Tam Dương', 9),
(9501, 'Tuy Đức', 9),
(9502, 'Bình Thuỷ', 9),
(9503, 'Hồng Dân', 9),
(9504, 'La Gi', 9),
(9505, 'Phan Thiết', 9),
(9506, 'Hội An', 9),
(9507, 'Chợ Mới', 9),
(9508, 'Bình Lục', 9),
(9509, 'Bạch Thông', 9),
(9510, 'Khánh Vĩnh', 9),
(9511, 'Lục Nam', 9),
(9512, 'Kế Sách', 9),
(9513, 'Đồng Hỷ', 9),
(9514, 'Văn Quan', 9),
(9515, 'Hướng Hoá', 9),
(9516, 'Sơn Hà', 9),
(9517, 'Kiến An', 9),
(9518, 'Phong Điền', 9),
(9519, 'Thông Nông', 9),
(9520, 'Lý Sơn', 9),
(9521, 'Đồng Xuân', 9),
(9522, 'Nha Trang', 9),
(9523, 'Anh Sơn', 9),
(9524, 'Thanh Ba', 9),
(9525, 'Thủ Đức', 9),
(9526, 'Ninh Phước', 9),
(9527, 'Chi Lăng', 9),
(9528, 'Thạnh Hoá', 9),
(9529, 'An Dương', 9),
(9530, 'Hà Trung', 9),
(9531, 'Tháp Mười', 9),
(9532, 'Liên Chiểu', 9),
(9533, 'Thanh Bình', 9),
(9534, 'Chơn Thành', 9),
(9535, 'Quảng Trạch', 9),
(9536, 'Trà Cú', 9),
(9537, 'Vĩnh Yên', 9),
(9538, 'Trà Vinh', 9),
(9539, 'Nho Quan', 9),
(9540, 'Buôn Hồ', 9),
(9541, 'Đăk Song', 9),
(9542, 'Cẩm Giàng', 9),
(9543, 'Duy Xuyên', 9),
(9544, 'Nghi Lộc', 9),
(9545, 'Lý Nhân', 9),
(9546, 'Con Cuông', 9),
(9547, 'Tân Thành', 9),
(9548, 'Quận 9', 9),
(9549, 'Quận 8', 9),
(9550, 'Quận 5', 9),
(9551, 'Quận 4', 9),
(9552, 'Nghĩa Lộ', 9),
(9553, 'Quận 6', 9),
(9554, 'Mộ Đức', 9),
(9555, 'Quận 3', 9),
(9556, 'Quận 2', 9),
(9557, 'Cồn Cỏ', 9),
(9558, 'Đông Hà', 9),
(9559, 'Bắc Giang', 9),
(9560, 'Yên Thành', 9),
(9561, 'Mường Tè', 9),
(9562, 'Bến Tre', 9),
(9563, 'Giang Thành', 9),
(9564, 'Việt Yên', 9),
(9565, 'Quảng Yên', 9),
(9566, 'Thanh Miện', 9),
(9567, 'Đức Trọng', 9),
(9568, 'Mường La', 9),
(9569, 'Tương Dương', 9),
(9570, 'Kim Sơn', 9),
(9571, 'Đức Thọ', 9),
(9572, 'Tân Yên', 9),
(9573, 'Vĩnh Long', 9),
(9574, 'Tân Hồng', 9),
(9575, 'Xuân Lộc', 9),
(9576, 'Quảng Ngãi', 9),
(9577, 'Mộc Châu', 9),
(9578, 'Phong Thổ', 9),
(9579, 'Dương Minh Châu', 9),
(9580, 'Hoà An', 9),
(9581, 'Tân Phú Đông', 9),
(9582, 'Thanh Trì', 9),
(9583, 'Lương Sơn', 9),
(9584, 'Hoà Vang', 9),
(9585, 'Kiên Hải', 9),
(9586, 'Tuy Hoà', 9),
(9587, 'Quế Võ', 9),
(9588, 'Ân Thi', 9),
(9589, 'Phú Lộc', 9),
(9590, 'Hương Khê', 9),
(9591, 'Đông Giang', 9),
(9592, 'Lâm Bình', 9),
(9593, 'Đông Triều', 9),
(9594, 'Lai Châu', 9),
(9595, 'Sa Pa', 9),
(9596, 'Tân Bình', 9),
(9597, 'Vãn Lãng', 9),
(9598, 'Diễn Châu', 9),
(9599, 'An Lão', 9),
(9600, 'Trà Bồng', 9),
(9601, 'Sông Cầu', 9),
(9602, 'Ninh Kiều', 9),
(9603, 'Bá Thước', 9),
(9604, 'Yên Minh', 9),
(9605, 'Lạng Sơn', 9),
(9606, 'Ninh Hoà', 9),
(9607, 'Tam Kỳ', 9),
(9608, 'Thạch Hà', 9),
(9609, 'Cần Giờ', 9),
(9610, 'Ia H\'Drai', 9),
(9611, 'Ý Yên', 9),
(9612, 'Hương Thuỷ', 9),
(9613, 'Tràng Định', 9),
(9614, 'Than Uyên', 9),
(9615, 'Vĩnh Linh', 9),
(9616, 'Sông Hinh', 9),
(9617, 'Kim Bảng', 9),
(9618, 'Phúc Yên', 9),
(9619, 'Phú Thọ', 9),
(9620, 'Tây Trà', 9),
(9621, 'Tứ Kỳ', 9),
(9622, 'Thới Bình', 9),
(9623, 'Mường Lay', 9),
(9624, 'Tân Hưng', 9),
(9625, 'Giồng Trôm', 9),
(9626, 'Hải An', 9),
(9627, 'Chư Păh', 9),
(9628, 'Điện Biên', 9),
(9629, 'Đức Huệ', 9),
(9630, 'Văn Yên', 9),
(9631, 'Hà Giang', 9),
(9632, 'Bát Xát', 9),
(9633, 'Thanh Hà', 9),
(9634, 'Quang Bình', 9),
(9635, 'Minh Long', 9),
(9636, 'Gò Dầu', 9),
(9637, 'Cù Lao Dung', 9),
(9638, 'Bạch Long Vĩ', 9),
(9639, 'Tri Tôn', 9),
(9640, 'Vân Canh', 9),
(9641, 'Tiên Du', 9),
(9642, 'Thạch Thất', 9),
(9643, 'Thanh Hoá', 9),
(9644, 'Cao Bằng', 9),
(9645, 'Tánh Linh', 9),
(9646, 'Phú Hoà', 9),
(9647, 'Kim Thành', 9),
(9648, 'Trực Ninh', 9),
(9649, 'Trạm Tấu', 9),
(9650, 'Sơn Động', 9),
(9651, 'Nga Sơn', 9),
(9652, 'Lang Chánh', 9),
(9653, 'Vũ Thư', 9),
(9654, 'Krông Pa', 9),
(9655, 'Tân Thạnh', 9),
(9656, 'Quỳnh Lưu', 9),
(9657, 'Lập Thạch', 9),
(9658, 'Ayun Pa', 9),
(9659, 'Cao Phong', 9),
(9660, 'Vị Thanh', 9),
(9661, 'Cư M\'Gar', 9),
(9662, 'Năm Căn', 9),
(9663, 'Thốt Nốt', 9),
(9664, 'Kon Plông', 9),
(9665, 'Cẩm Lệ', 9),
(9666, 'Đà Bắc', 9),
(9667, 'Yên Dũng', 9),
(9668, 'Tuyên Hoá', 9),
(9669, 'Kinh Môn', 9),
(9670, 'Ô Môn', 9),
(9671, 'Đầm Dơi', 9),
(9672, 'Vĩnh Bảo', 9),
(9673, 'Quy Nhơn', 9),
(9674, 'Vũng Liêm', 9),
(9675, 'Nam Từ Liêm', 9),
(9676, 'Cầu Ngang', 9),
(9677, 'Tam Nông', 9),
(9678, 'Tư Nghĩa', 9),
(9679, 'Nhà Bè', 9),
(9680, 'Bảo Lộc', 9),
(9681, 'Thuận Châu', 9),
(9682, 'Cẩm Khê', 9),
(9683, 'Kim Bôi', 9),
(9684, 'Tu Mơ Rông', 9),
(9685, 'Đồ Sơn', 9),
(9686, 'Nam Đông', 9),
(9687, 'Bình Long', 9),
(9688, 'Krông Búk', 9),
(9689, 'Tam Điệp', 9),
(9690, 'Vũ Quang', 9),
(9691, 'Thới Lai', 9),
(9692, 'Trần Văn Thời', 9),
(9693, 'Thanh Oai', 9),
(9694, 'Mỹ Lộc', 9),
(9695, 'Cam Lâm', 9),
(9696, 'An Khê', 9),
(9697, 'Ngọc Hồi', 9),
(9698, 'Trà Ôn', 9),
(9699, 'Phù Cừ', 9),
(9700, 'Trần Đề', 9),
(9701, 'Na Hang', 9),
(9702, 'Tuy Phong', 9),
(9703, 'Long Phú', 9),
(9704, 'Ninh Giang', 9),
(9705, 'Lê Chân', 9),
(9706, 'Gio Linh', 9),
(9707, 'Tiên Lữ', 9),
(9708, 'Chí Linh', 9),
(9709, 'Phù Cát', 9),
(9710, 'Vân Đồn', 9),
(9711, 'Buôn Đôn', 9),
(9712, 'Tiền Hải', 9),
(9713, 'Nghĩa Đàn', 9),
(9714, 'Bình Xuyên', 9),
(9715, 'Giồng Riềng', 9),
(9716, 'Hàm Thuận Nam', 9),
(9717, 'Gia Lâm', 9),
(9718, 'Kỳ Anh', 9),
(9719, 'Văn Bàn', 9),
(9720, 'Quảng Ninh', 9),
(9721, 'Mai Sơn', 9),
(9722, 'Cẩm Xuyên', 9),
(9723, 'Đắk R\'Lấp', 9),
(9724, 'Ba Bể', 9),
(9725, 'Sầm Sơn', 9),
(9726, 'Cần Giuộc', 9),
(9727, 'Bù Đốp', 9),
(9728, 'Đồng Văn', 9),
(9729, 'Đông Hải', 9),
(9730, 'Hoàng Mai', 9),
(9731, 'Sông Lô', 9),
(9732, 'Quan Sơn', 9),
(9733, 'Bù Đăng', 9),
(9734, 'Phù Ninh', 9),
(9735, 'Krông Bông', 9),
(9736, 'Núi Thành', 9),
(9737, 'Quảng Xương', 9),
(9738, 'Chư Sê', 9),
(9739, 'Phú Lương', 9),
(9740, 'Phú Tân', 9),
(9741, 'Quỳnh Nhai', 9),
(9742, 'Bố Trạch', 9),
(9743, 'Đức Phổ', 9),
(9744, 'Phổ Yên', 9),
(9745, 'Hà Tĩnh', 9),
(9746, 'Khánh Sơn', 9),
(9747, 'Nam Định', 9),
(9748, 'Mộc Hoá', 9),
(9749, 'Hòn Đất', 9),
(9750, 'Cửa Lò', 9),
(9751, 'U Minh', 9),
(9752, 'Mèo Vạc', 9),
(9753, 'Tĩnh Gia', 9),
(9754, 'Bình Giang', 9),
(9755, 'Tân Uyên', 9),
(9756, 'Mường Lát', 9),
(9757, 'Hồng Bàng', 9),
(9758, 'Đồng Hới', 9),
(9759, 'Hàm Tân', 9),
(9760, 'Đoan Hùng', 9),
(9761, 'Nguyên Bình', 9),
(9762, 'Bến Lức', 9),
(9763, 'Thọ Xuân', 9),
(9764, 'Đức Hoà', 9),
(9765, 'Sơn Dương', 9),
(9766, 'Định Hoá', 9),
(9767, 'Điện Bàn', 9),
(9768, 'Mường Chà', 9),
(9769, 'Yên Khánh', 9),
(9770, 'Cô Tô', 9),
(9771, 'Mù Căng Chải', 9),
(9772, 'Lắk', 9),
(9773, 'Tân An', 9),
(9774, 'Móng Cái', 9),
(9775, 'Phủ Lý', 9),
(9776, 'Hiệp Đức', 9),
(9777, 'Như Thanh', 9),
(9778, 'Thoại Sơn', 9),
(9779, 'Mang Thít', 9),
(9780, 'Duyên Hải', 9),
(9781, 'Đắk Mil', 9),
(9782, 'Hai Bà Trưng', 9),
(9783, 'A Lưới', 9),
(9784, 'Phú Bình', 9),
(9785, 'Di Linh', 9),
(9786, 'Sóc Sơn', 9),
(9787, 'Trùng Khánh', 9),
(9788, 'Phước Long', 9),
(9789, 'Trảng Bom', 9),
(9790, 'Thanh Sơn', 9),
(9791, 'Đông Sơn', 9),
(9792, 'Ninh Bình', 9),
(9793, 'Thuận Nam', 9),
(9794, 'Long Thành', 9),
(9795, 'Quận 11', 9),
(9796, 'Quận 10', 9),
(9797, 'Ba Chẽ', 9),
(9798, 'Nam Giang', 9),
(9799, 'Thủ Thừa', 9),
(9800, 'Thuỷ Nguyên', 9),
(9801, 'Mường Khương', 9),
(9802, 'Đơn Dương', 9),
(9803, 'Châu Đức', 9),
(9804, 'Ngô Quyền', 9),
(9805, 'Đất Đỏ', 9),
(9806, 'Bắc Yên', 9),
(9807, 'Quản Bạ', 9),
(9808, 'Lâm Hà', 9),
(9809, 'Ngã Năm', 9),
(9810, 'Triệu Sơn', 9),
(9811, 'Cái Nước', 9),
(9812, 'Ia Pa', 9),
(9813, 'Bảo Lạc', 9),
(9814, 'Giao Thuỷ', 9),
(9815, 'Thạnh Phú', 9),
(9816, 'Phụng Hiệp', 9),
(9817, 'Văn Chấn', 9),
(9818, 'Bắc Bình', 9),
(9819, 'Tây Ninh', 9),
(9820, 'Sơn Trà', 9),
(9821, 'Long Biên', 9),
(9822, 'Lệ Thuỷ', 9),
(9823, 'Sóc Trăng', 9),
(9824, 'Quảng Điền', 9),
(9825, 'Kim Động', 9),
(9826, 'Vĩnh Hưng', 9),
(9827, 'Phú Giáo', 9),
(9828, 'Nhơn Trạch', 9),
(9829, 'Bỉm Sơn', 9),
(9830, 'Lấp Vò', 9),
(9831, 'Thanh Xuân', 9),
(9832, 'Thanh Khê', 9),
(9833, 'Mỹ Tú', 9),
(9834, 'Sa Thầy', 9),
(9835, 'Hoành Bồ', 9),
(9836, 'Long Xuyên', 9),
(9837, 'Yên Bình', 9),
(9838, 'Châu Thành', 9),
(9839, 'Cẩm Thuỷ', 9),
(9840, 'Vụ Bản', 9),
(9841, 'An Minh', 9),
(9842, 'Long Điền', 9),
(9843, 'Quận 1', 9),
(9844, 'Văn Lâm', 9),
(9845, 'Thủ Dầu Một', 9),
(9846, 'Gò Vấp', 9),
(9847, 'Yên Mô', 9),
(9848, 'Gò Quao', 9),
(9849, 'Lạc Sơn', 9),
(9850, 'Hậu Lộc', 9),
(9851, 'Mỏ Cày Nam', 9),
(9852, 'Bù Gia Mập', 9),
(9853, 'Tuần Giáo', 9),
(9854, 'Đồng Xoài', 9),
(9855, 'Giá Rai', 9),
(9856, 'Bảo Thắng', 9),
(9857, 'Châu Phú', 9),
(9858, 'Yên Phong', 9),
(9859, 'Tam Đảo', 9),
(9860, 'Bến Cát', 9),
(9861, 'Vũng Tàu', 9),
(9862, 'Long Mỹ', 9),
(9863, 'Mỹ Đức', 9),
(9864, 'Ngọc Hiển', 9),
(9865, 'Lạng Giang', 9),
(9866, 'Ngân Sơn', 9),
(9867, 'Bắc Mê', 9),
(9868, 'Nam Đàn', 9),
(9869, 'Hải Lăng', 9),
(9870, 'Cẩm Mỹ', 9),
(9871, 'Cầu Kè', 9),
(9872, 'Huế', 9),
(9873, 'Quỳ Châu', 9),
(9874, 'Cam Ranh', 9),
(9875, 'Hà Nam', 10),
(9876, 'Ninh Thuận', 10),
(9877, 'Bắc Ninh', 10),
(9878, 'Ninh Bình', 10),
(9879, 'Đắk Nông', 10),
(9880, 'Bình Phước', 10),
(9881, 'Lào Cai', 10),
(9882, 'Hải Phòng', 10),
(9883, 'Long An', 10),
(9884, 'Quảng Trị', 10),
(9885, 'Bình Định', 10),
(9886, 'Lâm Đồng', 10),
(9887, 'Điện Biên', 10),
(9888, 'Bình Thuận', 10),
(9889, 'Vĩnh Phúc', 10),
(9890, 'Sóc Trăng', 10),
(9891, 'Vũng Tàu', 10),
(9892, 'Hà Giang', 10),
(9893, 'Kon Tum', 10),
(9894, 'Tuyên Quang', 10),
(9895, 'Lai Châu', 10),
(9896, 'Đà Nẵng', 10),
(9897, 'Cà Mau', 10),
(9898, 'Cần Thơ', 10),
(9899, 'Bạc Liêu', 10),
(9900, 'Quảng Nam', 10),
(9901, 'Tp.Hồ Chí Minh', 10),
(9902, 'Nghệ An', 10),
(9903, 'Thanh Hoá', 10),
(9904, 'Hà Nội', 10),
(9905, 'Đắk Lắk', 10),
(9906, 'Bắc Kạn', 10),
(9907, 'Yên Bái', 10),
(9908, 'Thái Bình', 10),
(9909, 'Hưng Yên', 10),
(9910, 'Bắc Giang', 10),
(9911, 'Đồng Tháp', 10),
(9912, 'Sơn La', 10),
(9913, 'Lạng Sơn', 10),
(9914, 'Cao Bằng', 10),
(9915, 'Đồng Nai', 10),
(9916, 'Trà Vinh', 10),
(9917, 'Phú Yên', 10),
(9918, 'An Giang', 10),
(9919, 'Hậu Giang', 10),
(9920, 'Phú Thọ', 10),
(9921, 'Hải Dương', 10),
(9922, 'Bình Dương', 10),
(9923, 'Gia Lai', 10),
(9924, 'Tây Ninh', 10),
(9925, 'Quảng Bình', 10),
(9926, 'Khánh Hoà', 10),
(9927, 'Kiên Giang', 10),
(9928, 'Thái Nguyên', 10),
(9929, 'Hoà Bình', 10),
(9930, 'Quảng Ninh', 10),
(9931, 'Vĩnh Long', 10),
(9932, 'Hà Tĩnh', 10),
(9933, 'Bến Tre', 10),
(9934, 'Nam Định', 10),
(9935, 'Tiền Giang', 10),
(9936, 'Huế', 10),
(9937, 'Quảng Ngãi', 10),
(9938, 'Tràng Phục Linh Pờ Lớt', 11),
(9939, 'Niệu Bảo', 11),
(9940, 'Maxxhair', 11),
(9941, 'Xoang Bách Phục', 11),
(9942, 'Vương Bảo', 11),
(9943, 'Tràng Phục Linh', 11),
(9944, 'Việt Nam', 12),
(9945, 'Trung Quốc', 12),
(9946, 'Quốc Gia', 12),
(9947, 'Quốc', 12),
(9948, 'Nam Hàn', 12);

-- --------------------------------------------------------

--
-- Table structure for table `intents`
--

CREATE TABLE `intents` (
  `id` int(11) NOT NULL,
  `intent` varchar(250) NOT NULL,
  `botid` int(11) NOT NULL
) ENGINE=InnoDB DEFAULT CHARSET=latin1;

--
-- Dumping data for table `intents`
--

INSERT INTO `intents` (`id`, `intent`, `botid`) VALUES
(1, 'Welcome', 0),
(2, 'GoodBye', 0),
(3, 'HoiDiemBanThuoc', 0),
(4, 'HoiGiaThuoc', 0),
(5, 'SayThank', 0),
(6, 'CheBai', 0),
(7, 'test_entity', 5);

-- --------------------------------------------------------

--
-- Table structure for table `samples`
--

CREATE TABLE `samples` (
  `id` int(11) NOT NULL,
  `content` varchar(250) CHARACTER SET utf8 COLLATE utf8_vietnamese_ci NOT NULL,
  `intent_id` int(11) NOT NULL
) ENGINE=InnoDB DEFAULT CHARSET=latin1;

--
-- Dumping data for table `samples`
--

INSERT INTO `samples` (`id`, `content`, `intent_id`) VALUES
(1, 'xin chào nhé', 1),
(2, 'ồ chào nhé', 1),
(3, 'chào các bác', 1),
(4, 'chào bác', 1),
(5, 'hey', 1),
(6, 'hi', 1),
(7, 'hế lô', 1),
(8, 'chào anh hôm nay khỏe không', 1),
(9, 'chào bác dạo này khỏe chứ', 1),
(10, 'chào', 1),
(11, 'xin chào', 1),
(12, 'chào anh', 1),
(13, 'cháu chào bác', 1),
(14, 'chào các bạn nhé', 1),
(15, 'chào chú', 1),
(16, 'xin chào đồng chí', 1),
(17, 'chào anh khỏe không', 1),
(18, 'chào các bạn nhé', 1),
(19, 'ô chào anh nhé', 1),
(20, 'xin chào', 1),
(21, 'hello', 1),
(22, 'chào bạn tôi nhé', 1),
(23, 'chào tạm biệt nhé', 2),
(24, 'đi đây', 2),
(25, 'tôi đi nhé', 2),
(26, 'tạm biệt', 2),
(27, 'bye nhé', 2),
(28, 'chào tạm biệt cậu nhé', 2),
(29, 'đi nhé', 2),
(30, 'tớ đi đây', 2),
(31, 'thôi tớ đi đây', 2),
(32, 'tạm biệt chị nhé', 2),
(33, 'chào tôi đi đây', 2),
(34, 'tạm biệt tôi đi đây', 2),
(35, '2 nhé', 2),
(36, 'bai nhé', 2),
(37, 'bai bai nhé', 2),
(38, 'tạm biệt nhé', 2),
(39, 'tạm biệt hẹn gặp lại', 2),
(40, 'hẹn gặp lại', 2),
(41, 'tôi ở hà nội thì mua thuốc chỗ nào', 3),
(42, 'tôi ở cầu giấy thì mua thuốc ở đâu', 3),
(43, 'chỗ nào bán thuốc nhỉ', 3),
(44, 'chỗ nào bán thuốc ấy nhỉ', 3),
(45, 'thuốc bán ở đâu mô', 3),
(46, 'mua cái đó ở mô', 3),
(47, 'cửa hàng chỗ nào nhỉ', 3),
(48, 'chỗ nào thì mua được thuốc nhỉ', 3),
(49, 'có chỗ nào bán thuốc gần nhất nhỉ', 3),
(50, 'cho tôi hỏi chỗ nào bán thuốc được nhỉ', 3),
(51, 'tôi hỏi địa điểm bán thuốc gần nhất chỗ nào nhỉ', 3),
(52, 'tôi đang ở cầu giấy hà nội thì mua thuốc tràng phục linh chỗ nào', 3),
(53, 'tôi đang ở minh quán trấn yên yên bái thì mua niệu bảo ở đâu nhỉ', 3),
(54, 'mua thuốc ở đâu', 3),
(55, 'chỗ nào bán thuốc nhỉ', 3),
(56, 'bán thuốc ở đâu nhỉ', 3),
(57, 'cho hỏi chỗ nào bán thuốc với', 3),
(58, 'mua thuốc tràng phục linh chỗ nào bây', 3),
(59, 'cho tôi hỏi cửa hàng bán thuốc chỗ nào nhỉ', 3),
(60, 'cho tôi hỏi mua thuốc thì mua ở đâu nhỉ', 3),
(61, 'xin hỏi địa chỉ bán thuốc với', 3),
(62, 'tôi hỏi địa chỉ bán thuốc được không', 3),
(63, 'tôi hỏi địa chỉ bán thuốc chỗ nào ấy nhỉ', 3),
(64, 'chị cho tôi hỏi ở hà nam mua thuốc tràng phục linh chỗ nào', 3),
(65, 'cho tôi hỏi địa chỉ với chỗ nào bán tràng phục linh ý', 3),
(66, 'Cho hỏi giá tràng phục linh với', 4),
(67, 'tràng phục linh giá bao nhiêu tiền', 4),
(68, 'bao nhiêu một hộp tràng phục linh', 4),
(69, 'giá tiền vương bảo', 4),
(70, 'giá tiền niệu bảo', 4),
(71, 'bao nhiêu một hộp niệu bảo thế', 4),
(72, 'cho hỏi bao nhiêu một hộp niệu bảo ấy nhỉ', 4),
(73, 'cho tôi hỏi giá tiền vương bảo với', 4),
(74, 'cho tôi hỏi giá tiền nhũ đan với', 4),
(75, 'bao nhiêu một hộp', 4),
(76, 'giá bao nhiêu', 4),
(77, 'bao nhiêu', 4),
(78, 'giá tiền bao nhiêu', 4),
(79, 'bao nhiêu tiền một hộp niệu bảo', 4),
(80, 'bao nhiêu tiền một hộp thuốc nhỉ giờ', 4),
(81, 'giá cả thế nào', 4),
(82, 'cho xin cái giá', 4),
(83, 'rổ giá thế nào nhỉ', 4),
(84, 'cho tôi hỏi giá thuốc với', 4),
(85, 'thuốc giá thế nào', 4),
(86, 'cám ơn nhé', 5),
(87, 'cám ơn cậu nhé', 5),
(88, 'thank you nhé', 5),
(89, 'cám ơn nhiều', 5),
(90, 'cám ơn rất nhiều', 5),
(91, 'không biết phải cám ơn thế nào', 5),
(92, 'tốt quá cám ơn cậu', 5),
(93, 'cám ơn nhiều lắm lắm', 5),
(94, 'cám ơn nhiều lắm ạ', 5),
(95, 'cám ơn nhiều', 5),
(96, 'many thank', 5),
(97, 'à vậy thì cám ơn nhé', 5),
(98, 'ôi hay quá cám ơn nhé', 5),
(99, 'cám ơn cám ơn', 5),
(100, 'cho tôi cám ơn nhiều nhiều nhé', 5),
(101, 'ồ cám ơn nhiều nhé', 5),
(102, 'cho tôi cám ơn nhé', 5),
(103, 'thật sự rất cám ơn', 5),
(104, 'cám ơn cậu', 5),
(105, 'tôi biết ơn cậu', 5),
(106, 'tốt quá cám ơn nhé', 5),
(107, 'cám ơn nhiều', 5),
(108, 'không biết nói gì hơn cám ơn nhiều', 5),
(109, 'thank cậu nhé', 5),
(110, 'cám ơn các bác', 5),
(111, 'tôi xin cám ơn', 5),
(112, 'cho tôi gửi lời cám ơn', 5),
(113, 'cám ơn nhiều ạ', 5),
(114, 'tôi muốn cám ơn chị nhiều', 5),
(115, 'tôi xin chân thành cảm ơn', 5),
(116, 'cảm ơn', 5),
(117, 'cảm ơn nhiều', 5),
(118, 'thật sự cảm ơn', 5),
(119, 'cảm ơn nhiều', 5),
(120, 'cảm ơn nhé bạn', 5),
(121, 'không biết phải cảm ơn thế nào nữa', 5),
(122, 'kém quá', 6),
(123, 'kém quá đi mà', 6),
(124, 'yếu thế', 6),
(125, 'thanh niên yếu thế', 6),
(126, 'chán quá cơ', 6),
(127, 'chán thật', 6),
(128, 'nhà em có ở an bình tây minh hóa đâu, em ở mường khương bắc kạn mà các bác', 7),
(129, 'mua thuốc maxxhair ở thái thụy thái bình chỗ nào', 7),
(130, 'cho tôi hỏi ở thị trấn thanh chương huyện thanh chương nghệ an thì mua tràng phục linh ở đâu', 7),
(131, 'tôi ở mèo vạc có ở xuân thủy cầu giấy đâu nhỉ hà nội hay hà nam thì cũng thế thôi, ở xã minh quán huyện trấn yên yên bái là nhất', 7),
(132, 'hôm qua lang thang em bắt xe đi đô lương nghệ an nhưng thế nào lại lên nhầm xe phù ninh huyện Phú Thọ cuối cùng em phải xuống xe ở vĩnh phúc', 7),
(134, 'đi từ Hà Nội vào Vinh sẽ đi qua các địa danh như: Như Quỳnh, Tràng An, nông cống, Tương Mai, hai bà trưng. Qua Nghệ an sẽ tới hà tĩnh. Xong em bay thẳng ra buôn ma thuột rồi em lại về Nha trang, chơi chán ở nha trang em lại bay ra Hải Phòng.', 7),
(136, 'tôi muốn mua vương bảo ở minh quân huyện mù căng chải tỉnh Yên Bái thì mua ở đâu.', 7);

-- --------------------------------------------------------

--
-- Table structure for table `slot_filling`
--

CREATE TABLE `slot_filling` (
  `intent_id` int(11) NOT NULL,
  `entity_id` int(11) NOT NULL,
  `is_required` int(11) NOT NULL,
  `question` varchar(250) CHARACTER SET utf8mb4 COLLATE utf8mb4_vietnamese_ci NOT NULL
) ENGINE=InnoDB DEFAULT CHARSET=latin1;

--
-- Dumping data for table `slot_filling`
--

INSERT INTO `slot_filling` (`intent_id`, `entity_id`, `is_required`, `question`) VALUES
(3, 9, 1, 'Quý khách cho em biết tên quận ạ'),
(3, 11, 1, 'Quý khách cho em biết tên thuốc ạ'),
(3, 6, 1, 'Quý khách cho em biết tên xã hay đường ạ'),
(3, 10, 0, '');

-- --------------------------------------------------------

--
-- Table structure for table `synonym`
--

CREATE TABLE `synonym` (
  `id` int(11) NOT NULL,
  `content` varchar(250) CHARACTER SET utf8 NOT NULL,
  `entity_sample_id` int(11) NOT NULL
) ENGINE=InnoDB DEFAULT CHARSET=latin1;

--
-- Dumping data for table `synonym`
--

INSERT INTO `synonym` (`id`, `content`, `entity_sample_id`) VALUES
(1, 'Thủ Đô', 1),
(2, 'mắc he', 9940),
(3, 'Ha Noi', 1),
(4, 'Tàu', 9945);

-- --------------------------------------------------------

--
-- Table structure for table `user`
--

CREATE TABLE `user` (
  `userid` int(11) NOT NULL,
  `username` varchar(20) NOT NULL,
  `password` varchar(20) NOT NULL,
  `email` varchar(50) NOT NULL,
  `fullname` varchar(100) NOT NULL
) ENGINE=InnoDB DEFAULT CHARSET=latin1;

--
-- Dumping data for table `user`
--

INSERT INTO `user` (`userid`, `username`, `password`, `email`, `fullname`) VALUES
(1, 'tuan', '123', 'tuan@nal.vn', 'phamtuan');

--
-- Indexes for dumped tables
--

--
-- Indexes for table `answers`
--
ALTER TABLE `answers`
  ADD PRIMARY KEY (`id`),
  ADD KEY `intent_id` (`intent_id`);

--
-- Indexes for table `chatbot`
--
ALTER TABLE `chatbot`
  ADD PRIMARY KEY (`botid`),
  ADD KEY `userid` (`userid`);

--
-- Indexes for table `chatbot_entities`
--
ALTER TABLE `chatbot_entities`
  ADD UNIQUE KEY `botid` (`botid`,`entityid`) USING BTREE,
  ADD KEY `botid_2` (`botid`),
  ADD KEY `entityid` (`entityid`);

--
-- Indexes for table `chatbot_intent`
--
ALTER TABLE `chatbot_intent`
  ADD UNIQUE KEY `botid` (`botid`,`intentid`),
  ADD KEY `botid_2` (`botid`),
  ADD KEY `intentid` (`intentid`);

--
-- Indexes for table `entities`
--
ALTER TABLE `entities`
  ADD PRIMARY KEY (`id`),
  ADD KEY `botid` (`botid`);

--
-- Indexes for table `entity_samples`
--
ALTER TABLE `entity_samples`
  ADD PRIMARY KEY (`id`),
  ADD KEY `entity_id` (`entity_id`);

--
-- Indexes for table `intents`
--
ALTER TABLE `intents`
  ADD PRIMARY KEY (`id`),
  ADD KEY `botid` (`botid`);

--
-- Indexes for table `samples`
--
ALTER TABLE `samples`
  ADD PRIMARY KEY (`id`),
  ADD KEY `intent_id` (`intent_id`);

--
-- Indexes for table `slot_filling`
--
ALTER TABLE `slot_filling`
  ADD KEY `entity_id` (`entity_id`),
  ADD KEY `intent_id` (`intent_id`);

--
-- Indexes for table `synonym`
--
ALTER TABLE `synonym`
  ADD PRIMARY KEY (`id`),
  ADD KEY `entity_sample_id` (`entity_sample_id`);

--
-- Indexes for table `user`
--
ALTER TABLE `user`
  ADD PRIMARY KEY (`userid`);

--
-- AUTO_INCREMENT for dumped tables
--

--
-- AUTO_INCREMENT for table `answers`
--
ALTER TABLE `answers`
  MODIFY `id` int(11) NOT NULL AUTO_INCREMENT, AUTO_INCREMENT=9;

--
-- AUTO_INCREMENT for table `chatbot`
--
ALTER TABLE `chatbot`
  MODIFY `botid` int(11) NOT NULL AUTO_INCREMENT, AUTO_INCREMENT=6;

--
-- AUTO_INCREMENT for table `entities`
--
ALTER TABLE `entities`
  MODIFY `id` int(11) NOT NULL AUTO_INCREMENT, AUTO_INCREMENT=13;

--
-- AUTO_INCREMENT for table `entity_samples`
--
ALTER TABLE `entity_samples`
  MODIFY `id` int(11) NOT NULL AUTO_INCREMENT, AUTO_INCREMENT=9949;

--
-- AUTO_INCREMENT for table `intents`
--
ALTER TABLE `intents`
  MODIFY `id` int(11) NOT NULL AUTO_INCREMENT, AUTO_INCREMENT=8;

--
-- AUTO_INCREMENT for table `samples`
--
ALTER TABLE `samples`
  MODIFY `id` int(11) NOT NULL AUTO_INCREMENT, AUTO_INCREMENT=137;

--
-- AUTO_INCREMENT for table `synonym`
--
ALTER TABLE `synonym`
  MODIFY `id` int(11) NOT NULL AUTO_INCREMENT, AUTO_INCREMENT=5;

--
-- AUTO_INCREMENT for table `user`
--
ALTER TABLE `user`
  MODIFY `userid` int(11) NOT NULL AUTO_INCREMENT, AUTO_INCREMENT=2;

--
-- Constraints for dumped tables
--

--
-- Constraints for table `answers`
--
ALTER TABLE `answers`
  ADD CONSTRAINT `answers_ibfk_1` FOREIGN KEY (`intent_id`) REFERENCES `intents` (`id`);

--
-- Constraints for table `chatbot`
--
ALTER TABLE `chatbot`
  ADD CONSTRAINT `chatbot_ibfk_1` FOREIGN KEY (`userid`) REFERENCES `user` (`userid`);

--
-- Constraints for table `chatbot_entities`
--
ALTER TABLE `chatbot_entities`
  ADD CONSTRAINT `chatbot_entities_ibfk_1` FOREIGN KEY (`botid`) REFERENCES `chatbot` (`botid`),
  ADD CONSTRAINT `chatbot_entities_ibfk_2` FOREIGN KEY (`entityid`) REFERENCES `entities` (`id`);

--
-- Constraints for table `chatbot_intent`
--
ALTER TABLE `chatbot_intent`
  ADD CONSTRAINT `chatbot_intent_ibfk_1` FOREIGN KEY (`botid`) REFERENCES `chatbot` (`botid`) ON DELETE CASCADE,
  ADD CONSTRAINT `chatbot_intent_ibfk_2` FOREIGN KEY (`intentid`) REFERENCES `intents` (`id`) ON DELETE CASCADE;

--
-- Constraints for table `entity_samples`
--
ALTER TABLE `entity_samples`
  ADD CONSTRAINT `entity_samples_ibfk_1` FOREIGN KEY (`entity_id`) REFERENCES `entities` (`id`);

--
-- Constraints for table `samples`
--
ALTER TABLE `samples`
  ADD CONSTRAINT `samples_ibfk_1` FOREIGN KEY (`intent_id`) REFERENCES `intents` (`id`);

--
-- Constraints for table `slot_filling`
--
ALTER TABLE `slot_filling`
  ADD CONSTRAINT `slot_filling_ibfk_1` FOREIGN KEY (`entity_id`) REFERENCES `entities` (`id`),
  ADD CONSTRAINT `slot_filling_ibfk_2` FOREIGN KEY (`intent_id`) REFERENCES `intents` (`id`);

--
-- Constraints for table `synonym`
--
ALTER TABLE `synonym`
  ADD CONSTRAINT `synonym_ibfk_1` FOREIGN KEY (`entity_sample_id`) REFERENCES `entity_samples` (`id`);
COMMIT;

/*!40101 SET CHARACTER_SET_CLIENT=@OLD_CHARACTER_SET_CLIENT */;
/*!40101 SET CHARACTER_SET_RESULTS=@OLD_CHARACTER_SET_RESULTS */;
/*!40101 SET COLLATION_CONNECTION=@OLD_COLLATION_CONNECTION */;
